Ano,Mes,Estado,UF.1,Produção Med (Kt)
2012,1,ACRE,AC,0.0
2012,1,ALAGOAS,AL,0.0
2012,1,AMAZONAS,AM,0.0
2012,1,AMAPÁ,AP,0.0
2012,1,BAHIA,BA,0.0
2012,1,CEARÁ,CE,0.0
2012,1,DISTRITO FEDERAL,DF,0.0
2012,1,ESPÍRITO SANTO,ES,0.0
2012,1,GOIÁS,GO,768.42
2012,1,MARANHÃO,MA,0.0
2012,1,MINAS GERAIS,MG,0.0
2012,1,MATO GROSSO DO SUL,MS,0.0
2012,1,MATO GROSSO,MT,5493.633000000001
2012,1,PARÁ,PA,0.0
2012,1,PARAÍBA,PB,0.0
2012,1,PERNAMBUCO,PE,0.0
2012,1,PIAUÍ,PI,0.0
2012,1,PARANÁ,PR,1682.64
2012,1,RIO DE JANEIRO,RJ,0.0
2012,1,RIO GRANDE DO NORTE,RN,0.0
2012,1,RONDÔNIA,RO,18.489
2012,1,RORAIMA,RR,0.0
2012,1,RIO GRANDE DO SUL,RS,0.0
2012,1,SANTA CATARINA,SC,0.0
2012,1,SERGIPE,SE,0.0
2012,1,SÃO PAULO,SP,0.0
2012,1,TOCANTINS,TO,0.0
2012,2,ACRE,AC,0.0
2012,2,ALAGOAS,AL,0.0
2012,2,AMAZONAS,AM,0.0
2012,2,AMAPÁ,AP,0.0
2012,2,BAHIA,BA,0.0
2012,2,CEARÁ,CE,0.0
2012,2,DISTRITO FEDERAL,DF,0.0
2012,2,ESPÍRITO SANTO,ES,0.0
2012,2,GOIÁS,GO,3799.1169999999997
2012,2,MARANHÃO,MA,0.0
2012,2,MINAS GERAIS,MG,394.49
2012,2,MATO GROSSO DO SUL,MS,2998.544
2012,2,MATO GROSSO,MT,9954.486
2012,2,PARÁ,PA,0.0
2012,2,PARAÍBA,PB,0.0
2012,2,PERNAMBUCO,PE,0.0
2012,2,PIAUÍ,PI,0.0
2012,2,PARANÁ,PR,2470.212
2012,2,RIO DE JANEIRO,RJ,0.0
2012,2,RIO GRANDE DO NORTE,RN,0.0
2012,2,RONDÔNIA,RO,235.729
2012,2,RORAIMA,RR,0.0
2012,2,RIO GRANDE DO SUL,RS,59.201
2012,2,SANTA CATARINA,SC,16.885
2012,2,SERGIPE,SE,0.0
2012,2,SÃO PAULO,SP,194.782
2012,2,TOCANTINS,TO,0.0
2012,3,ACRE,AC,0.0
2012,3,ALAGOAS,AL,0.0
2012,3,AMAZONAS,AM,0.0
2012,3,AMAPÁ,AP,0.0
2012,3,BAHIA,BA,1559.4769999999999
2012,3,CEARÁ,CE,0.0
2012,3,DISTRITO FEDERAL,DF,44.0
2012,3,ESPÍRITO SANTO,ES,0.0
2012,3,GOIÁS,GO,3214.628
2012,3,MARANHÃO,MA,742.75
2012,3,MINAS GERAIS,MG,1835.214
2012,3,MATO GROSSO DO SUL,MS,1577.5500000000002
2012,3,MATO GROSSO,MT,5921.59
2012,3,PARÁ,PA,79.17899999999999
2012,3,PARAÍBA,PB,0.0
2012,3,PERNAMBUCO,PE,0.0
2012,3,PIAUÍ,PI,631.555
2012,3,PARANÁ,PR,5558.84
2012,3,RIO DE JANEIRO,RJ,0.0
2012,3,RIO GRANDE DO NORTE,RN,0.0
2012,3,RONDÔNIA,RO,184.885
2012,3,RORAIMA,RR,2.59
2012,3,RIO GRANDE DO SUL,RS,3228.1659999999997
2012,3,SANTA CATARINA,SC,429.18300000000005
2012,3,SERGIPE,SE,0.0
2012,3,SÃO PAULO,SP,1314.781
2012,3,TOCANTINS,TO,387.22
2012,4,ACRE,AC,0.0
2012,4,ALAGOAS,AL,0.0
2012,4,AMAZONAS,AM,0.0
2012,4,AMAPÁ,AP,0.0
2012,4,BAHIA,BA,1357.912
2012,4,CEARÁ,CE,0.0
2012,4,DISTRITO FEDERAL,DF,44.0
2012,4,ESPÍRITO SANTO,ES,0.0
2012,4,GOIÁS,GO,469.301
2012,4,MARANHÃO,MA,715.2399999999999
2012,4,MINAS GERAIS,MG,786.109
2012,4,MATO GROSSO DO SUL,MS,52.156
2012,4,MATO GROSSO,MT,414.9390000000001
2012,4,PARÁ,PA,79.17899999999999
2012,4,PARAÍBA,PB,0.0
2012,4,PERNAMBUCO,PE,0.0
2012,4,PIAUÍ,PI,463.14000000000004
2012,4,PARANÁ,PR,1106.481
2012,4,RIO DE JANEIRO,RJ,0.0
2012,4,RIO GRANDE DO NORTE,RN,0.0
2012,4,RONDÔNIA,RO,23.111
2012,4,RORAIMA,RR,2.59
2012,4,RIO GRANDE DO SUL,RS,1834.854
2012,4,SANTA CATARINA,SC,516.99
2012,4,SERGIPE,SE,0.0
2012,4,SÃO PAULO,SP,87.993
2012,4,TOCANTINS,TO,765.219
2012,5,ACRE,AC,0.0
2012,5,ALAGOAS,AL,0.0
2012,5,AMAZONAS,AM,0.0
2012,5,AMAPÁ,AP,0.0
2012,5,BAHIA,BA,265.217
2012,5,CEARÁ,CE,0.0
2012,5,DISTRITO FEDERAL,DF,44.0
2012,5,ESPÍRITO SANTO,ES,0.0
2012,5,GOIÁS,GO,0.0
2012,5,MARANHÃO,MA,192.56399999999996
2012,5,MINAS GERAIS,MG,42.875
2012,5,MATO GROSSO DO SUL,MS,0.0
2012,5,MATO GROSSO,MT,64.31500000000001
2012,5,PARÁ,PA,79.17899999999999
2012,5,PARAÍBA,PB,0.0
2012,5,PERNAMBUCO,PE,0.0
2012,5,PIAUÍ,PI,168.414
2012,5,PARANÁ,PR,123.678
2012,5,RIO DE JANEIRO,RJ,0.0
2012,5,RIO GRANDE DO NORTE,RN,0.0
2012,5,RONDÔNIA,RO,0.0
2012,5,RORAIMA,RR,2.59
2012,5,RIO GRANDE DO SUL,RS,1404.425
2012,5,SANTA CATARINA,SC,121.82700000000001
2012,5,SERGIPE,SE,0.0
2012,5,SÃO PAULO,SP,0.0
2012,5,TOCANTINS,TO,230.488
2012,6,ACRE,AC,0.0
2012,6,ALAGOAS,AL,0.0
2012,6,AMAZONAS,AM,0.0
2012,6,AMAPÁ,AP,0.0
2012,6,BAHIA,BA,0.0
2012,6,CEARÁ,CE,0.0
2012,6,DISTRITO FEDERAL,DF,44.0
2012,6,ESPÍRITO SANTO,ES,0.0
2012,6,GOIÁS,GO,0.0
2012,6,MARANHÃO,MA,0.0
2012,6,MINAS GERAIS,MG,0.0
2012,6,MATO GROSSO DO SUL,MS,0.0
2012,6,MATO GROSSO,MT,0.0
2012,6,PARÁ,PA,79.17899999999999
2012,6,PARAÍBA,PB,0.0
2012,6,PERNAMBUCO,PE,0.0
2012,6,PIAUÍ,PI,0.0
2012,6,PARANÁ,PR,0.0
2012,6,RIO DE JANEIRO,RJ,0.0
2012,6,RIO GRANDE DO NORTE,RN,0.0
2012,6,RONDÔNIA,RO,0.0
2012,6,RORAIMA,RR,2.59
2012,6,RIO GRANDE DO SUL,RS,0.0
2012,6,SANTA CATARINA,SC,0.0
2012,6,SERGIPE,SE,0.0
2012,6,SÃO PAULO,SP,0.0
2012,6,TOCANTINS,TO,0.0
2012,7,ACRE,AC,0.0
2012,7,ALAGOAS,AL,0.0
2012,7,AMAZONAS,AM,0.0
2012,7,AMAPÁ,AP,0.0
2012,7,BAHIA,BA,0.0
2012,7,CEARÁ,CE,0.0
2012,7,DISTRITO FEDERAL,DF,0.0
2012,7,ESPÍRITO SANTO,ES,0.0
2012,7,GOIÁS,GO,0.0
2012,7,MARANHÃO,MA,0.0
2012,7,MINAS GERAIS,MG,0.0
2012,7,MATO GROSSO DO SUL,MS,0.0
2012,7,MATO GROSSO,MT,0.0
2012,7,PARÁ,PA,0.0
2012,7,PARAÍBA,PB,0.0
2012,7,PERNAMBUCO,PE,0.0
2012,7,PIAUÍ,PI,0.0
2012,7,PARANÁ,PR,0.0
2012,7,RIO DE JANEIRO,RJ,0.0
2012,7,RIO GRANDE DO NORTE,RN,0.0
2012,7,RONDÔNIA,RO,0.0
2012,7,RORAIMA,RR,0.0
2012,7,RIO GRANDE DO SUL,RS,0.0
2012,7,SANTA CATARINA,SC,0.0
2012,7,SERGIPE,SE,0.0
2012,7,SÃO PAULO,SP,0.0
2012,7,TOCANTINS,TO,0.0
2012,8,ACRE,AC,0.0
2012,8,ALAGOAS,AL,0.0
2012,8,AMAZONAS,AM,0.0
2012,8,AMAPÁ,AP,0.0
2012,8,BAHIA,BA,0.0
2012,8,CEARÁ,CE,0.0
2012,8,DISTRITO FEDERAL,DF,0.0
2012,8,ESPÍRITO SANTO,ES,0.0
2012,8,GOIÁS,GO,0.0
2012,8,MARANHÃO,MA,0.0
2012,8,MINAS GERAIS,MG,0.0
2012,8,MATO GROSSO DO SUL,MS,0.0
2012,8,MATO GROSSO,MT,0.0
2012,8,PARÁ,PA,0.0
2012,8,PARAÍBA,PB,0.0
2012,8,PERNAMBUCO,PE,0.0
2012,8,PIAUÍ,PI,0.0
2012,8,PARANÁ,PR,0.0
2012,8,RIO DE JANEIRO,RJ,0.0
2012,8,RIO GRANDE DO NORTE,RN,0.0
2012,8,RONDÔNIA,RO,0.0
2012,8,RORAIMA,RR,0.0
2012,8,RIO GRANDE DO SUL,RS,0.0
2012,8,SANTA CATARINA,SC,0.0
2012,8,SERGIPE,SE,0.0
2012,8,SÃO PAULO,SP,0.0
2012,8,TOCANTINS,TO,0.0
2012,9,ACRE,AC,0.0
2012,9,ALAGOAS,AL,0.0
2012,9,AMAZONAS,AM,0.0
2012,9,AMAPÁ,AP,0.0
2012,9,BAHIA,BA,0.0
2012,9,CEARÁ,CE,0.0
2012,9,DISTRITO FEDERAL,DF,0.0
2012,9,ESPÍRITO SANTO,ES,0.0
2012,9,GOIÁS,GO,0.0
2012,9,MARANHÃO,MA,0.0
2012,9,MINAS GERAIS,MG,0.0
2012,9,MATO GROSSO DO SUL,MS,0.0
2012,9,MATO GROSSO,MT,0.0
2012,9,PARÁ,PA,0.0
2012,9,PARAÍBA,PB,0.0
2012,9,PERNAMBUCO,PE,0.0
2012,9,PIAUÍ,PI,0.0
2012,9,PARANÁ,PR,0.0
2012,9,RIO DE JANEIRO,RJ,0.0
2012,9,RIO GRANDE DO NORTE,RN,0.0
2012,9,RONDÔNIA,RO,0.0
2012,9,RORAIMA,RR,0.0
2012,9,RIO GRANDE DO SUL,RS,0.0
2012,9,SANTA CATARINA,SC,0.0
2012,9,SERGIPE,SE,0.0
2012,9,SÃO PAULO,SP,0.0
2012,9,TOCANTINS,TO,0.0
2012,10,ACRE,AC,0.0
2012,10,ALAGOAS,AL,0.0
2012,10,AMAZONAS,AM,0.0
2012,10,AMAPÁ,AP,0.0
2012,10,BAHIA,BA,0.0
2012,10,CEARÁ,CE,0.0
2012,10,DISTRITO FEDERAL,DF,0.0
2012,10,ESPÍRITO SANTO,ES,0.0
2012,10,GOIÁS,GO,0.0
2012,10,MARANHÃO,MA,0.0
2012,10,MINAS GERAIS,MG,0.0
2012,10,MATO GROSSO DO SUL,MS,0.0
2012,10,MATO GROSSO,MT,0.0
2012,10,PARÁ,PA,0.0
2012,10,PARAÍBA,PB,0.0
2012,10,PERNAMBUCO,PE,0.0
2012,10,PIAUÍ,PI,0.0
2012,10,PARANÁ,PR,0.0
2012,10,RIO DE JANEIRO,RJ,0.0
2012,10,RIO GRANDE DO NORTE,RN,0.0
2012,10,RONDÔNIA,RO,0.0
2012,10,RORAIMA,RR,0.0
2012,10,RIO GRANDE DO SUL,RS,0.0
2012,10,SANTA CATARINA,SC,0.0
2012,10,SERGIPE,SE,0.0
2012,10,SÃO PAULO,SP,0.0
2012,10,TOCANTINS,TO,0.0
2012,11,ACRE,AC,0.0
2012,11,ALAGOAS,AL,0.0
2012,11,AMAZONAS,AM,0.0
2012,11,AMAPÁ,AP,0.0
2012,11,BAHIA,BA,0.0
2012,11,CEARÁ,CE,0.0
2012,11,DISTRITO FEDERAL,DF,0.0
2012,11,ESPÍRITO SANTO,ES,0.0
2012,11,GOIÁS,GO,0.0
2012,11,MARANHÃO,MA,0.0
2012,11,MINAS GERAIS,MG,0.0
2012,11,MATO GROSSO DO SUL,MS,0.0
2012,11,MATO GROSSO,MT,0.0
2012,11,PARÁ,PA,0.0
2012,11,PARAÍBA,PB,0.0
2012,11,PERNAMBUCO,PE,0.0
2012,11,PIAUÍ,PI,0.0
2012,11,PARANÁ,PR,0.0
2012,11,RIO DE JANEIRO,RJ,0.0
2012,11,RIO GRANDE DO NORTE,RN,0.0
2012,11,RONDÔNIA,RO,0.0
2012,11,RORAIMA,RR,0.0
2012,11,RIO GRANDE DO SUL,RS,0.0
2012,11,SANTA CATARINA,SC,0.0
2012,11,SERGIPE,SE,0.0
2012,11,SÃO PAULO,SP,0.0
2012,11,TOCANTINS,TO,0.0
2012,12,ACRE,AC,0.0
2012,12,ALAGOAS,AL,0.0
2012,12,AMAZONAS,AM,0.0
2012,12,AMAPÁ,AP,0.0
2012,12,BAHIA,BA,0.0
2012,12,CEARÁ,CE,0.0
2012,12,DISTRITO FEDERAL,DF,0.0
2012,12,ESPÍRITO SANTO,ES,0.0
2012,12,GOIÁS,GO,0.0
2012,12,MARANHÃO,MA,0.0
2012,12,MINAS GERAIS,MG,0.0
2012,12,MATO GROSSO DO SUL,MS,0.0
2012,12,MATO GROSSO,MT,0.0
2012,12,PARÁ,PA,0.0
2012,12,PARAÍBA,PB,0.0
2012,12,PERNAMBUCO,PE,0.0
2012,12,PIAUÍ,PI,0.0
2012,12,PARANÁ,PR,0.0
2012,12,RIO DE JANEIRO,RJ,0.0
2012,12,RIO GRANDE DO NORTE,RN,0.0
2012,12,RONDÔNIA,RO,0.0
2012,12,RORAIMA,RR,0.0
2012,12,RIO GRANDE DO SUL,RS,0.0
2012,12,SANTA CATARINA,SC,0.0
2012,12,SERGIPE,SE,0.0
2012,12,SÃO PAULO,SP,0.0
2012,12,TOCANTINS,TO,0.0
2013,1,ACRE,AC,0.0
2013,1,ALAGOAS,AL,0.0
2013,1,AMAZONAS,AM,0.0
2013,1,AMAPÁ,AP,0.0
2013,1,BAHIA,BA,0.0
2013,1,CEARÁ,CE,0.0
2013,1,DISTRITO FEDERAL,DF,0.0
2013,1,ESPÍRITO SANTO,ES,0.0
2013,1,GOIÁS,GO,425.29299999999995
2013,1,MARANHÃO,MA,0.0
2013,1,MINAS GERAIS,MG,0.0
2013,1,MATO GROSSO DO SUL,MS,174.269
2013,1,MATO GROSSO,MT,5107.527
2013,1,PARÁ,PA,0.0
2013,1,PARAÍBA,PB,0.0
2013,1,PERNAMBUCO,PE,0.0
2013,1,PIAUÍ,PI,0.0
2013,1,PARANÁ,PR,1298.22
2013,1,RIO DE JANEIRO,RJ,0.0
2013,1,RIO GRANDE DO NORTE,RN,0.0
2013,1,RONDÔNIA,RO,80.898
2013,1,RORAIMA,RR,0.0
2013,1,RIO GRANDE DO SUL,RS,0.0
2013,1,SANTA CATARINA,SC,0.0
2013,1,SERGIPE,SE,0.0
2013,1,SÃO PAULO,SP,0.0
2013,1,TOCANTINS,TO,0.0
2013,2,ACRE,AC,0.0
2013,2,ALAGOAS,AL,0.0
2013,2,AMAZONAS,AM,0.0
2013,2,AMAPÁ,AP,0.0
2013,2,BAHIA,BA,27.250999999999998
2013,2,CEARÁ,CE,0.0
2013,2,DISTRITO FEDERAL,DF,0.0
2013,2,ESPÍRITO SANTO,ES,0.0
2013,2,GOIÁS,GO,2661.3399999999997
2013,2,MARANHÃO,MA,8.429
2013,2,MINAS GERAIS,MG,562.39
2013,2,MATO GROSSO DO SUL,MS,4069.054
2013,2,MATO GROSSO,MT,9803.747
2013,2,PARÁ,PA,0.0
2013,2,PARAÍBA,PB,0.0
2013,2,PERNAMBUCO,PE,0.0
2013,2,PIAUÍ,PI,3.929
2013,2,PARANÁ,PR,5247.39
2013,2,RIO DE JANEIRO,RJ,0.0
2013,2,RIO GRANDE DO NORTE,RN,0.0
2013,2,RONDÔNIA,RO,227.28599999999997
2013,2,RORAIMA,RR,0.0
2013,2,RIO GRANDE DO SUL,RS,423.75
2013,2,SANTA CATARINA,SC,93.81700000000001
2013,2,SERGIPE,SE,0.0
2013,2,SÃO PAULO,SP,489.907
2013,2,TOCANTINS,TO,7.680999999999999
2013,3,ACRE,AC,0.0
2013,3,ALAGOAS,AL,0.0
2013,3,AMAZONAS,AM,0.0
2013,3,AMAPÁ,AP,1.125
2013,3,BAHIA,BA,914.946
2013,3,CEARÁ,CE,0.0
2013,3,DISTRITO FEDERAL,DF,46.681000000000004
2013,3,ESPÍRITO SANTO,ES,0.0
2013,3,GOIÁS,GO,4502.258
2013,3,MARANHÃO,MA,497.347
2013,3,MINAS GERAIS,MG,1560.275
2013,3,MATO GROSSO DO SUL,MS,1500.178
2013,3,MATO GROSSO,MT,8248.204
2013,3,PARÁ,PA,138.06199999999998
2013,3,PARAÍBA,PB,0.0
2013,3,PERNAMBUCO,PE,0.0
2013,3,PIAUÍ,PI,271.129
2013,3,PARANÁ,PR,6974.419
2013,3,RIO DE JANEIRO,RJ,0.0
2013,3,RIO GRANDE DO NORTE,RN,0.0
2013,3,RONDÔNIA,RO,225.745
2013,3,RORAIMA,RR,8.4
2013,3,RIO GRANDE DO SUL,RS,5019.829000000001
2013,3,SANTA CATARINA,SC,743.053
2013,3,SERGIPE,SE,0.0
2013,3,SÃO PAULO,SP,1401.09
2013,3,TOCANTINS,TO,483.969
2013,4,ACRE,AC,0.0
2013,4,ALAGOAS,AL,0.0
2013,4,AMAZONAS,AM,0.0
2013,4,AMAPÁ,AP,1.125
2013,4,BAHIA,BA,1480.595
2013,4,CEARÁ,CE,0.0
2013,4,DISTRITO FEDERAL,DF,46.681000000000004
2013,4,ESPÍRITO SANTO,ES,0.0
2013,4,GOIÁS,GO,865.8029999999999
2013,4,MARANHÃO,MA,899.159
2013,4,MINAS GERAIS,MG,1252.144
2013,4,MATO GROSSO DO SUL,MS,65.462
2013,4,MATO GROSSO,MT,373.3030000000001
2013,4,PARÁ,PA,138.06199999999998
2013,4,PARAÍBA,PB,0.0
2013,4,PERNAMBUCO,PE,0.0
2013,4,PIAUÍ,PI,458.429
2013,4,PARANÁ,PR,2209.6479999999997
2013,4,RIO DE JANEIRO,RJ,0.0
2013,4,RIO GRANDE DO NORTE,RN,0.0
2013,4,RONDÔNIA,RO,5.393
2013,4,RORAIMA,RR,8.4
2013,4,RIO GRANDE DO SUL,RS,5420.934
2013,4,SANTA CATARINA,SC,600.445
2013,4,SERGIPE,SE,0.0
2013,4,SÃO PAULO,SP,160.143
2013,4,TOCANTINS,TO,763.082
2013,5,ACRE,AC,0.0
2013,5,ALAGOAS,AL,0.0
2013,5,AMAZONAS,AM,0.0
2013,5,AMAPÁ,AP,1.125
2013,5,BAHIA,BA,269.199
2013,5,CEARÁ,CE,0.0
2013,5,DISTRITO FEDERAL,DF,46.681000000000004
2013,5,ESPÍRITO SANTO,ES,0.0
2013,5,GOIÁS,GO,108.22500000000001
2013,5,MARANHÃO,MA,280.987
2013,5,MINAS GERAIS,MG,0.0
2013,5,MATO GROSSO DO SUL,MS,0.0
2013,5,MATO GROSSO,MT,0.0
2013,5,PARÁ,PA,138.06199999999998
2013,5,PARAÍBA,PB,0.0
2013,5,PERNAMBUCO,PE,0.0
2013,5,PIAUÍ,PI,183.37199999999999
2013,5,PARANÁ,PR,182.69799999999998
2013,5,RIO DE JANEIRO,RJ,0.0
2013,5,RIO GRANDE DO NORTE,RN,0.0
2013,5,RONDÔNIA,RO,0.0
2013,5,RORAIMA,RR,8.4
2013,5,RIO GRANDE DO SUL,RS,1670.3670000000002
2013,5,SANTA CATARINA,SC,141.186
2013,5,SERGIPE,SE,0.0
2013,5,SÃO PAULO,SP,0.0
2013,5,TOCANTINS,TO,281.674
2013,6,ACRE,AC,0.0
2013,6,ALAGOAS,AL,0.0
2013,6,AMAZONAS,AM,0.0
2013,6,AMAPÁ,AP,1.125
2013,6,BAHIA,BA,0.0
2013,6,CEARÁ,CE,0.0
2013,6,DISTRITO FEDERAL,DF,46.681000000000004
2013,6,ESPÍRITO SANTO,ES,0.0
2013,6,GOIÁS,GO,0.0
2013,6,MARANHÃO,MA,0.0
2013,6,MINAS GERAIS,MG,0.0
2013,6,MATO GROSSO DO SUL,MS,0.0
2013,6,MATO GROSSO,MT,0.0
2013,6,PARÁ,PA,138.06199999999998
2013,6,PARAÍBA,PB,0.0
2013,6,PERNAMBUCO,PE,0.0
2013,6,PIAUÍ,PI,0.0
2013,6,PARANÁ,PR,0.0
2013,6,RIO DE JANEIRO,RJ,0.0
2013,6,RIO GRANDE DO NORTE,RN,0.0
2013,6,RONDÔNIA,RO,0.0
2013,6,RORAIMA,RR,8.4
2013,6,RIO GRANDE DO SUL,RS,0.0
2013,6,SANTA CATARINA,SC,0.0
2013,6,SERGIPE,SE,0.0
2013,6,SÃO PAULO,SP,0.0
2013,6,TOCANTINS,TO,0.0
2013,7,ACRE,AC,0.0
2013,7,ALAGOAS,AL,0.0
2013,7,AMAZONAS,AM,0.0
2013,7,AMAPÁ,AP,0.0
2013,7,BAHIA,BA,0.0
2013,7,CEARÁ,CE,0.0
2013,7,DISTRITO FEDERAL,DF,0.0
2013,7,ESPÍRITO SANTO,ES,0.0
2013,7,GOIÁS,GO,0.0
2013,7,MARANHÃO,MA,0.0
2013,7,MINAS GERAIS,MG,0.0
2013,7,MATO GROSSO DO SUL,MS,0.0
2013,7,MATO GROSSO,MT,0.0
2013,7,PARÁ,PA,0.0
2013,7,PARAÍBA,PB,0.0
2013,7,PERNAMBUCO,PE,0.0
2013,7,PIAUÍ,PI,0.0
2013,7,PARANÁ,PR,0.0
2013,7,RIO DE JANEIRO,RJ,0.0
2013,7,RIO GRANDE DO NORTE,RN,0.0
2013,7,RONDÔNIA,RO,0.0
2013,7,RORAIMA,RR,0.0
2013,7,RIO GRANDE DO SUL,RS,0.0
2013,7,SANTA CATARINA,SC,0.0
2013,7,SERGIPE,SE,0.0
2013,7,SÃO PAULO,SP,0.0
2013,7,TOCANTINS,TO,0.0
2013,8,ACRE,AC,0.0
2013,8,ALAGOAS,AL,0.0
2013,8,AMAZONAS,AM,0.0
2013,8,AMAPÁ,AP,0.0
2013,8,BAHIA,BA,0.0
2013,8,CEARÁ,CE,0.0
2013,8,DISTRITO FEDERAL,DF,0.0
2013,8,ESPÍRITO SANTO,ES,0.0
2013,8,GOIÁS,GO,0.0
2013,8,MARANHÃO,MA,0.0
2013,8,MINAS GERAIS,MG,0.0
2013,8,MATO GROSSO DO SUL,MS,0.0
2013,8,MATO GROSSO,MT,0.0
2013,8,PARÁ,PA,0.0
2013,8,PARAÍBA,PB,0.0
2013,8,PERNAMBUCO,PE,0.0
2013,8,PIAUÍ,PI,0.0
2013,8,PARANÁ,PR,0.0
2013,8,RIO DE JANEIRO,RJ,0.0
2013,8,RIO GRANDE DO NORTE,RN,0.0
2013,8,RONDÔNIA,RO,0.0
2013,8,RORAIMA,RR,0.0
2013,8,RIO GRANDE DO SUL,RS,0.0
2013,8,SANTA CATARINA,SC,0.0
2013,8,SERGIPE,SE,0.0
2013,8,SÃO PAULO,SP,0.0
2013,8,TOCANTINS,TO,0.0
2013,9,ACRE,AC,0.0
2013,9,ALAGOAS,AL,0.0
2013,9,AMAZONAS,AM,0.0
2013,9,AMAPÁ,AP,0.0
2013,9,BAHIA,BA,0.0
2013,9,CEARÁ,CE,0.0
2013,9,DISTRITO FEDERAL,DF,0.0
2013,9,ESPÍRITO SANTO,ES,0.0
2013,9,GOIÁS,GO,0.0
2013,9,MARANHÃO,MA,0.0
2013,9,MINAS GERAIS,MG,0.0
2013,9,MATO GROSSO DO SUL,MS,0.0
2013,9,MATO GROSSO,MT,0.0
2013,9,PARÁ,PA,0.0
2013,9,PARAÍBA,PB,0.0
2013,9,PERNAMBUCO,PE,0.0
2013,9,PIAUÍ,PI,0.0
2013,9,PARANÁ,PR,0.0
2013,9,RIO DE JANEIRO,RJ,0.0
2013,9,RIO GRANDE DO NORTE,RN,0.0
2013,9,RONDÔNIA,RO,0.0
2013,9,RORAIMA,RR,0.0
2013,9,RIO GRANDE DO SUL,RS,0.0
2013,9,SANTA CATARINA,SC,0.0
2013,9,SERGIPE,SE,0.0
2013,9,SÃO PAULO,SP,0.0
2013,9,TOCANTINS,TO,0.0
2013,10,ACRE,AC,0.0
2013,10,ALAGOAS,AL,0.0
2013,10,AMAZONAS,AM,0.0
2013,10,AMAPÁ,AP,0.0
2013,10,BAHIA,BA,0.0
2013,10,CEARÁ,CE,0.0
2013,10,DISTRITO FEDERAL,DF,0.0
2013,10,ESPÍRITO SANTO,ES,0.0
2013,10,GOIÁS,GO,0.0
2013,10,MARANHÃO,MA,0.0
2013,10,MINAS GERAIS,MG,0.0
2013,10,MATO GROSSO DO SUL,MS,0.0
2013,10,MATO GROSSO,MT,0.0
2013,10,PARÁ,PA,0.0
2013,10,PARAÍBA,PB,0.0
2013,10,PERNAMBUCO,PE,0.0
2013,10,PIAUÍ,PI,0.0
2013,10,PARANÁ,PR,0.0
2013,10,RIO DE JANEIRO,RJ,0.0
2013,10,RIO GRANDE DO NORTE,RN,0.0
2013,10,RONDÔNIA,RO,0.0
2013,10,RORAIMA,RR,0.0
2013,10,RIO GRANDE DO SUL,RS,0.0
2013,10,SANTA CATARINA,SC,0.0
2013,10,SERGIPE,SE,0.0
2013,10,SÃO PAULO,SP,0.0
2013,10,TOCANTINS,TO,0.0
2013,11,ACRE,AC,0.0
2013,11,ALAGOAS,AL,0.0
2013,11,AMAZONAS,AM,0.0
2013,11,AMAPÁ,AP,0.0
2013,11,BAHIA,BA,0.0
2013,11,CEARÁ,CE,0.0
2013,11,DISTRITO FEDERAL,DF,0.0
2013,11,ESPÍRITO SANTO,ES,0.0
2013,11,GOIÁS,GO,0.0
2013,11,MARANHÃO,MA,0.0
2013,11,MINAS GERAIS,MG,0.0
2013,11,MATO GROSSO DO SUL,MS,0.0
2013,11,MATO GROSSO,MT,0.0
2013,11,PARÁ,PA,0.0
2013,11,PARAÍBA,PB,0.0
2013,11,PERNAMBUCO,PE,0.0
2013,11,PIAUÍ,PI,0.0
2013,11,PARANÁ,PR,0.0
2013,11,RIO DE JANEIRO,RJ,0.0
2013,11,RIO GRANDE DO NORTE,RN,0.0
2013,11,RONDÔNIA,RO,0.0
2013,11,RORAIMA,RR,0.0
2013,11,RIO GRANDE DO SUL,RS,0.0
2013,11,SANTA CATARINA,SC,0.0
2013,11,SERGIPE,SE,0.0
2013,11,SÃO PAULO,SP,0.0
2013,11,TOCANTINS,TO,0.0
2013,12,ACRE,AC,0.0
2013,12,ALAGOAS,AL,0.0
2013,12,AMAZONAS,AM,0.0
2013,12,AMAPÁ,AP,0.0
2013,12,BAHIA,BA,0.0
2013,12,CEARÁ,CE,0.0
2013,12,DISTRITO FEDERAL,DF,0.0
2013,12,ESPÍRITO SANTO,ES,0.0
2013,12,GOIÁS,GO,0.0
2013,12,MARANHÃO,MA,0.0
2013,12,MINAS GERAIS,MG,0.0
2013,12,MATO GROSSO DO SUL,MS,0.0
2013,12,MATO GROSSO,MT,0.0
2013,12,PARÁ,PA,0.0
2013,12,PARAÍBA,PB,0.0
2013,12,PERNAMBUCO,PE,0.0
2013,12,PIAUÍ,PI,0.0
2013,12,PARANÁ,PR,0.0
2013,12,RIO DE JANEIRO,RJ,0.0
2013,12,RIO GRANDE DO NORTE,RN,0.0
2013,12,RONDÔNIA,RO,0.0
2013,12,RORAIMA,RR,0.0
2013,12,RIO GRANDE DO SUL,RS,0.0
2013,12,SANTA CATARINA,SC,0.0
2013,12,SERGIPE,SE,0.0
2013,12,SÃO PAULO,SP,0.0
2013,12,TOCANTINS,TO,0.0
2014,1,ACRE,AC,0.0
2014,1,ALAGOAS,AL,0.0
2014,1,AMAZONAS,AM,0.0
2014,1,AMAPÁ,AP,0.0
2014,1,BAHIA,BA,0.0
2014,1,CEARÁ,CE,0.0
2014,1,DISTRITO FEDERAL,DF,0.0
2014,1,ESPÍRITO SANTO,ES,0.0
2014,1,GOIÁS,GO,738.335
2014,1,MARANHÃO,MA,0.0
2014,1,MINAS GERAIS,MG,0.0
2014,1,MATO GROSSO DO SUL,MS,517.806
2014,1,MATO GROSSO,MT,2878.567
2014,1,PARÁ,PA,0.0
2014,1,PARAÍBA,PB,0.0
2014,1,PERNAMBUCO,PE,0.0
2014,1,PIAUÍ,PI,0.0
2014,1,PARANÁ,PR,776.215
2014,1,RIO DE JANEIRO,RJ,0.0
2014,1,RIO GRANDE DO NORTE,RN,0.0
2014,1,RONDÔNIA,RO,0.0
2014,1,RORAIMA,RR,0.0
2014,1,RIO GRANDE DO SUL,RS,0.0
2014,1,SANTA CATARINA,SC,0.0
2014,1,SERGIPE,SE,0.0
2014,1,SÃO PAULO,SP,0.0
2014,1,TOCANTINS,TO,0.0
2014,2,ACRE,AC,0.0
2014,2,ALAGOAS,AL,0.0
2014,2,AMAZONAS,AM,0.0
2014,2,AMAPÁ,AP,0.0
2014,2,BAHIA,BA,23.031000000000002
2014,2,CEARÁ,CE,0.0
2014,2,DISTRITO FEDERAL,DF,0.0
2014,2,ESPÍRITO SANTO,ES,0.0
2014,2,GOIÁS,GO,3965.27
2014,2,MARANHÃO,MA,28.494999999999997
2014,2,MINAS GERAIS,MG,744.2119999999999
2014,2,MATO GROSSO DO SUL,MS,4348.138
2014,2,MATO GROSSO,MT,14659.523
2014,2,PARÁ,PA,0.0
2014,2,PARAÍBA,PB,0.0
2014,2,PERNAMBUCO,PE,0.0
2014,2,PIAUÍ,PI,13.960999999999999
2014,2,PARANÁ,PR,6475.210999999999
2014,2,RIO DE JANEIRO,RJ,0.0
2014,2,RIO GRANDE DO NORTE,RN,0.0
2014,2,RONDÔNIA,RO,201.3
2014,2,RORAIMA,RR,0.0
2014,2,RIO GRANDE DO SUL,RS,373.38300000000004
2014,2,SANTA CATARINA,SC,138.44299999999998
2014,2,SERGIPE,SE,0.0
2014,2,SÃO PAULO,SP,538.885
2014,2,TOCANTINS,TO,38.604
2014,3,ACRE,AC,0.0
2014,3,ALAGOAS,AL,0.0
2014,3,AMAZONAS,AM,0.0
2014,3,AMAPÁ,AP,1.5
2014,3,BAHIA,BA,1770.5670000000002
2014,3,CEARÁ,CE,0.0
2014,3,DISTRITO FEDERAL,DF,54.0
2014,3,ESPÍRITO SANTO,ES,0.0
2014,3,GOIÁS,GO,3097.628
2014,3,MARANHÃO,MA,883.354
2014,3,MINAS GERAIS,MG,1707.553
2014,3,MATO GROSSO DO SUL,MS,1282.056
2014,3,MATO GROSSO,MT,8686.491
2014,3,PARÁ,PA,167.157
2014,3,PARAÍBA,PB,0.0
2014,3,PERNAMBUCO,PE,0.0
2014,3,PIAUÍ,PI,879.565
2014,3,PARANÁ,PR,5171.117
2014,3,RIO DE JANEIRO,RJ,0.0
2014,3,RIO GRANDE DO NORTE,RN,0.0
2014,3,RONDÔNIA,RO,315.243
2014,3,RORAIMA,RR,14.04
2014,3,RIO GRANDE DO SUL,RS,4217.082
2014,3,SANTA CATARINA,SC,704.666
2014,3,SERGIPE,SE,0.0
2014,3,SÃO PAULO,SP,980.602
2014,3,TOCANTINS,TO,1402.5910000000001
2014,4,ACRE,AC,0.0
2014,4,ALAGOAS,AL,0.0
2014,4,AMAZONAS,AM,0.0
2014,4,AMAPÁ,AP,1.5
2014,4,BAHIA,BA,1243.344
2014,4,CEARÁ,CE,0.0
2014,4,DISTRITO FEDERAL,DF,54.0
2014,4,ESPÍRITO SANTO,ES,0.0
2014,4,GOIÁS,GO,1023.1690000000001
2014,4,MARANHÃO,MA,759.874
2014,4,MINAS GERAIS,MG,875.2769999999999
2014,4,MATO GROSSO DO SUL,MS,0.0
2014,4,MATO GROSSO,MT,217.001
2014,4,PARÁ,PA,167.157
2014,4,PARAÍBA,PB,0.0
2014,4,PERNAMBUCO,PE,0.0
2014,4,PIAUÍ,PI,496.403
2014,4,PARANÁ,PR,2136.446
2014,4,RIO DE JANEIRO,RJ,0.0
2014,4,RIO GRANDE DO NORTE,RN,0.0
2014,4,RONDÔNIA,RO,91.155
2014,4,RORAIMA,RR,14.04
2014,4,RIO GRANDE DO SUL,RS,6510.111999999999
2014,4,SANTA CATARINA,SC,642.398
2014,4,SERGIPE,SE,0.0
2014,4,SÃO PAULO,SP,168.832
2014,4,TOCANTINS,TO,514.712
2014,5,ACRE,AC,0.0
2014,5,ALAGOAS,AL,0.0
2014,5,AMAZONAS,AM,0.0
2014,5,AMAPÁ,AP,1.5
2014,5,BAHIA,BA,271.062
2014,5,CEARÁ,CE,0.0
2014,5,DISTRITO FEDERAL,DF,54.0
2014,5,ESPÍRITO SANTO,ES,0.0
2014,5,GOIÁS,GO,170.528
2014,5,MARANHÃO,MA,151.975
2014,5,MINAS GERAIS,MG,0.0
2014,5,MATO GROSSO DO SUL,MS,0.0
2014,5,MATO GROSSO,MT,0.0
2014,5,PARÁ,PA,167.157
2014,5,PARAÍBA,PB,0.0
2014,5,PERNAMBUCO,PE,0.0
2014,5,PIAUÍ,PI,99.281
2014,5,PARANÁ,PR,221.69099999999997
2014,5,RIO DE JANEIRO,RJ,0.0
2014,5,RIO GRANDE DO NORTE,RN,0.0
2014,5,RONDÔNIA,RO,0.0
2014,5,RORAIMA,RR,14.04
2014,5,RIO GRANDE DO SUL,RS,1767.0810000000001
2014,5,SANTA CATARINA,SC,158.875
2014,5,SERGIPE,SE,0.0
2014,5,SÃO PAULO,SP,0.0
2014,5,TOCANTINS,TO,102.94200000000001
2014,6,ACRE,AC,0.0
2014,6,ALAGOAS,AL,0.0
2014,6,AMAZONAS,AM,0.0
2014,6,AMAPÁ,AP,1.5
2014,6,BAHIA,BA,0.0
2014,6,CEARÁ,CE,0.0
2014,6,DISTRITO FEDERAL,DF,54.0
2014,6,ESPÍRITO SANTO,ES,0.0
2014,6,GOIÁS,GO,0.0
2014,6,MARANHÃO,MA,0.0
2014,6,MINAS GERAIS,MG,0.0
2014,6,MATO GROSSO DO SUL,MS,0.0
2014,6,MATO GROSSO,MT,0.0
2014,6,PARÁ,PA,167.157
2014,6,PARAÍBA,PB,0.0
2014,6,PERNAMBUCO,PE,0.0
2014,6,PIAUÍ,PI,0.0
2014,6,PARANÁ,PR,0.0
2014,6,RIO DE JANEIRO,RJ,0.0
2014,6,RIO GRANDE DO NORTE,RN,0.0
2014,6,RONDÔNIA,RO,0.0
2014,6,RORAIMA,RR,14.04
2014,6,RIO GRANDE DO SUL,RS,0.0
2014,6,SANTA CATARINA,SC,0.0
2014,6,SERGIPE,SE,0.0
2014,6,SÃO PAULO,SP,0.0
2014,6,TOCANTINS,TO,0.0
2014,7,ACRE,AC,0.0
2014,7,ALAGOAS,AL,0.0
2014,7,AMAZONAS,AM,0.0
2014,7,AMAPÁ,AP,0.0
2014,7,BAHIA,BA,0.0
2014,7,CEARÁ,CE,0.0
2014,7,DISTRITO FEDERAL,DF,0.0
2014,7,ESPÍRITO SANTO,ES,0.0
2014,7,GOIÁS,GO,0.0
2014,7,MARANHÃO,MA,0.0
2014,7,MINAS GERAIS,MG,0.0
2014,7,MATO GROSSO DO SUL,MS,0.0
2014,7,MATO GROSSO,MT,0.0
2014,7,PARÁ,PA,0.0
2014,7,PARAÍBA,PB,0.0
2014,7,PERNAMBUCO,PE,0.0
2014,7,PIAUÍ,PI,0.0
2014,7,PARANÁ,PR,0.0
2014,7,RIO DE JANEIRO,RJ,0.0
2014,7,RIO GRANDE DO NORTE,RN,0.0
2014,7,RONDÔNIA,RO,0.0
2014,7,RORAIMA,RR,0.0
2014,7,RIO GRANDE DO SUL,RS,0.0
2014,7,SANTA CATARINA,SC,0.0
2014,7,SERGIPE,SE,0.0
2014,7,SÃO PAULO,SP,0.0
2014,7,TOCANTINS,TO,0.0
2014,8,ACRE,AC,0.0
2014,8,ALAGOAS,AL,0.0
2014,8,AMAZONAS,AM,0.0
2014,8,AMAPÁ,AP,0.0
2014,8,BAHIA,BA,0.0
2014,8,CEARÁ,CE,0.0
2014,8,DISTRITO FEDERAL,DF,0.0
2014,8,ESPÍRITO SANTO,ES,0.0
2014,8,GOIÁS,GO,0.0
2014,8,MARANHÃO,MA,0.0
2014,8,MINAS GERAIS,MG,0.0
2014,8,MATO GROSSO DO SUL,MS,0.0
2014,8,MATO GROSSO,MT,0.0
2014,8,PARÁ,PA,0.0
2014,8,PARAÍBA,PB,0.0
2014,8,PERNAMBUCO,PE,0.0
2014,8,PIAUÍ,PI,0.0
2014,8,PARANÁ,PR,0.0
2014,8,RIO DE JANEIRO,RJ,0.0
2014,8,RIO GRANDE DO NORTE,RN,0.0
2014,8,RONDÔNIA,RO,0.0
2014,8,RORAIMA,RR,0.0
2014,8,RIO GRANDE DO SUL,RS,0.0
2014,8,SANTA CATARINA,SC,0.0
2014,8,SERGIPE,SE,0.0
2014,8,SÃO PAULO,SP,0.0
2014,8,TOCANTINS,TO,0.0
2014,9,ACRE,AC,0.0
2014,9,ALAGOAS,AL,0.0
2014,9,AMAZONAS,AM,0.0
2014,9,AMAPÁ,AP,0.0
2014,9,BAHIA,BA,0.0
2014,9,CEARÁ,CE,0.0
2014,9,DISTRITO FEDERAL,DF,0.0
2014,9,ESPÍRITO SANTO,ES,0.0
2014,9,GOIÁS,GO,0.0
2014,9,MARANHÃO,MA,0.0
2014,9,MINAS GERAIS,MG,0.0
2014,9,MATO GROSSO DO SUL,MS,0.0
2014,9,MATO GROSSO,MT,0.0
2014,9,PARÁ,PA,0.0
2014,9,PARAÍBA,PB,0.0
2014,9,PERNAMBUCO,PE,0.0
2014,9,PIAUÍ,PI,0.0
2014,9,PARANÁ,PR,0.0
2014,9,RIO DE JANEIRO,RJ,0.0
2014,9,RIO GRANDE DO NORTE,RN,0.0
2014,9,RONDÔNIA,RO,0.0
2014,9,RORAIMA,RR,0.0
2014,9,RIO GRANDE DO SUL,RS,0.0
2014,9,SANTA CATARINA,SC,0.0
2014,9,SERGIPE,SE,0.0
2014,9,SÃO PAULO,SP,0.0
2014,9,TOCANTINS,TO,0.0
2014,10,ACRE,AC,0.0
2014,10,ALAGOAS,AL,0.0
2014,10,AMAZONAS,AM,0.0
2014,10,AMAPÁ,AP,0.0
2014,10,BAHIA,BA,0.0
2014,10,CEARÁ,CE,0.0
2014,10,DISTRITO FEDERAL,DF,0.0
2014,10,ESPÍRITO SANTO,ES,0.0
2014,10,GOIÁS,GO,0.0
2014,10,MARANHÃO,MA,0.0
2014,10,MINAS GERAIS,MG,0.0
2014,10,MATO GROSSO DO SUL,MS,0.0
2014,10,MATO GROSSO,MT,0.0
2014,10,PARÁ,PA,0.0
2014,10,PARAÍBA,PB,0.0
2014,10,PERNAMBUCO,PE,0.0
2014,10,PIAUÍ,PI,0.0
2014,10,PARANÁ,PR,0.0
2014,10,RIO DE JANEIRO,RJ,0.0
2014,10,RIO GRANDE DO NORTE,RN,0.0
2014,10,RONDÔNIA,RO,0.0
2014,10,RORAIMA,RR,0.0
2014,10,RIO GRANDE DO SUL,RS,0.0
2014,10,SANTA CATARINA,SC,0.0
2014,10,SERGIPE,SE,0.0
2014,10,SÃO PAULO,SP,0.0
2014,10,TOCANTINS,TO,0.0
2014,11,ACRE,AC,0.0
2014,11,ALAGOAS,AL,0.0
2014,11,AMAZONAS,AM,0.0
2014,11,AMAPÁ,AP,0.0
2014,11,BAHIA,BA,0.0
2014,11,CEARÁ,CE,0.0
2014,11,DISTRITO FEDERAL,DF,0.0
2014,11,ESPÍRITO SANTO,ES,0.0
2014,11,GOIÁS,GO,0.0
2014,11,MARANHÃO,MA,0.0
2014,11,MINAS GERAIS,MG,0.0
2014,11,MATO GROSSO DO SUL,MS,0.0
2014,11,MATO GROSSO,MT,0.0
2014,11,PARÁ,PA,0.0
2014,11,PARAÍBA,PB,0.0
2014,11,PERNAMBUCO,PE,0.0
2014,11,PIAUÍ,PI,0.0
2014,11,PARANÁ,PR,0.0
2014,11,RIO DE JANEIRO,RJ,0.0
2014,11,RIO GRANDE DO NORTE,RN,0.0
2014,11,RONDÔNIA,RO,0.0
2014,11,RORAIMA,RR,0.0
2014,11,RIO GRANDE DO SUL,RS,0.0
2014,11,SANTA CATARINA,SC,0.0
2014,11,SERGIPE,SE,0.0
2014,11,SÃO PAULO,SP,0.0
2014,11,TOCANTINS,TO,0.0
2014,12,ACRE,AC,0.0
2014,12,ALAGOAS,AL,0.0
2014,12,AMAZONAS,AM,0.0
2014,12,AMAPÁ,AP,0.0
2014,12,BAHIA,BA,0.0
2014,12,CEARÁ,CE,0.0
2014,12,DISTRITO FEDERAL,DF,0.0
2014,12,ESPÍRITO SANTO,ES,0.0
2014,12,GOIÁS,GO,0.0
2014,12,MARANHÃO,MA,0.0
2014,12,MINAS GERAIS,MG,0.0
2014,12,MATO GROSSO DO SUL,MS,0.0
2014,12,MATO GROSSO,MT,0.0
2014,12,PARÁ,PA,0.0
2014,12,PARAÍBA,PB,0.0
2014,12,PERNAMBUCO,PE,0.0
2014,12,PIAUÍ,PI,0.0
2014,12,PARANÁ,PR,0.0
2014,12,RIO DE JANEIRO,RJ,0.0
2014,12,RIO GRANDE DO NORTE,RN,0.0
2014,12,RONDÔNIA,RO,0.0
2014,12,RORAIMA,RR,0.0
2014,12,RIO GRANDE DO SUL,RS,0.0
2014,12,SANTA CATARINA,SC,0.0
2014,12,SERGIPE,SE,0.0
2014,12,SÃO PAULO,SP,0.0
2014,12,TOCANTINS,TO,0.0
2015,1,ACRE,AC,0.0
2015,1,ALAGOAS,AL,0.0
2015,1,AMAZONAS,AM,0.0
2015,1,AMAPÁ,AP,0.0
2015,1,BAHIA,BA,0.0
2015,1,CEARÁ,CE,0.0
2015,1,DISTRITO FEDERAL,DF,0.0
2015,1,ESPÍRITO SANTO,ES,0.0
2015,1,GOIÁS,GO,728.271
2015,1,MARANHÃO,MA,0.0
2015,1,MINAS GERAIS,MG,12.828999999999999
2015,1,MATO GROSSO DO SUL,MS,486.00600000000003
2015,1,MATO GROSSO,MT,3413.375
2015,1,PARÁ,PA,0.0
2015,1,PARAÍBA,PB,0.0
2015,1,PERNAMBUCO,PE,0.0
2015,1,PIAUÍ,PI,0.0
2015,1,PARANÁ,PR,2588.84
2015,1,RIO DE JANEIRO,RJ,0.0
2015,1,RIO GRANDE DO NORTE,RN,0.0
2015,1,RONDÔNIA,RO,83.76299999999999
2015,1,RORAIMA,RR,0.0
2015,1,RIO GRANDE DO SUL,RS,0.0
2015,1,SANTA CATARINA,SC,0.0
2015,1,SERGIPE,SE,0.0
2015,1,SÃO PAULO,SP,10.775
2015,1,TOCANTINS,TO,0.0
2015,2,ACRE,AC,0.0
2015,2,ALAGOAS,AL,0.0
2015,2,AMAZONAS,AM,0.0
2015,2,AMAPÁ,AP,0.0
2015,2,BAHIA,BA,125.42
2015,2,CEARÁ,CE,0.0
2015,2,DISTRITO FEDERAL,DF,0.0
2015,2,ESPÍRITO SANTO,ES,0.0
2015,2,GOIÁS,GO,3245.725
2015,2,MARANHÃO,MA,41.393
2015,2,MINAS GERAIS,MG,782.6249999999999
2015,2,MATO GROSSO DO SUL,MS,3577.8779999999997
2015,2,MATO GROSSO,MT,12747.475000000002
2015,2,PARÁ,PA,0.0
2015,2,PARAÍBA,PB,0.0
2015,2,PERNAMBUCO,PE,0.0
2015,2,PIAUÍ,PI,18.339
2015,2,PARANÁ,PR,3952.198
2015,2,RIO DE JANEIRO,RJ,0.0
2015,2,RIO GRANDE DO NORTE,RN,0.0
2015,2,RONDÔNIA,RO,355.994
2015,2,RORAIMA,RR,0.0
2015,2,RIO GRANDE DO SUL,RS,534.877
2015,2,SANTA CATARINA,SC,151.836
2015,2,SERGIPE,SE,0.0
2015,2,SÃO PAULO,SP,489.1
2015,2,TOCANTINS,TO,247.57299999999998
2015,3,ACRE,AC,0.0
2015,3,ALAGOAS,AL,0.0
2015,3,AMAZONAS,AM,0.0
2015,3,AMAPÁ,AP,1.875
2015,3,BAHIA,BA,1223.97
2015,3,CEARÁ,CE,0.0
2015,3,DISTRITO FEDERAL,DF,36.83
2015,3,ESPÍRITO SANTO,ES,0.0
2015,3,GOIÁS,GO,2903.8010000000004
2015,3,MARANHÃO,MA,880.092
2015,3,MINAS GERAIS,MG,1258.952
2015,3,MATO GROSSO DO SUL,MS,2803.2690000000002
2015,3,MATO GROSSO,MT,10626.430000000002
2015,3,PARÁ,PA,254.24200000000002
2015,3,PARAÍBA,PB,0.0
2015,3,PERNAMBUCO,PE,0.0
2015,3,PIAUÍ,PI,387.71999999999997
2015,3,PARANÁ,PR,6467.727
2015,3,RIO DE JANEIRO,RJ,0.0
2015,3,RIO GRANDE DO NORTE,RN,0.0
2015,3,RONDÔNIA,RO,254.082
2015,3,RORAIMA,RR,15.975999999999999
2015,3,RIO GRANDE DO SUL,RS,5012.710999999999
2015,3,SANTA CATARINA,SC,986.051
2015,3,SERGIPE,SE,0.0
2015,3,SÃO PAULO,SP,1166.3980000000001
2015,3,TOCANTINS,TO,932.527
2015,4,ACRE,AC,0.0
2015,4,ALAGOAS,AL,0.0
2015,4,AMAZONAS,AM,0.0
2015,4,AMAPÁ,AP,1.875
2015,4,BAHIA,BA,1728.437
2015,4,CEARÁ,CE,0.0
2015,4,DISTRITO FEDERAL,DF,36.83
2015,4,ESPÍRITO SANTO,ES,0.0
2015,4,GOIÁS,GO,1485.627
2015,4,MARANHÃO,MA,837.713
2015,4,MINAS GERAIS,MG,1148.739
2015,4,MATO GROSSO DO SUL,MS,310.406
2015,4,MATO GROSSO,MT,1507.5790000000002
2015,4,PARÁ,PA,254.24200000000002
2015,4,PARAÍBA,PB,0.0
2015,4,PERNAMBUCO,PE,0.0
2015,4,PIAUÍ,PI,785.9189999999999
2015,4,PARANÁ,PR,4037.1220000000003
2015,4,RIO DE JANEIRO,RJ,0.0
2015,4,RIO GRANDE DO NORTE,RN,0.0
2015,4,RONDÔNIA,RO,39.09
2015,4,RORAIMA,RR,15.975999999999999
2015,4,RIO GRANDE DO SUL,RS,8434.059000000001
2015,4,SANTA CATARINA,SC,745.172
2015,4,SERGIPE,SE,0.0
2015,4,SÃO PAULO,SP,693.304
2015,4,TOCANTINS,TO,1089.3229999999999
2015,5,ACRE,AC,0.0
2015,5,ALAGOAS,AL,0.0
2015,5,AMAZONAS,AM,0.0
2015,5,AMAPÁ,AP,1.875
2015,5,BAHIA,BA,1102.852
2015,5,CEARÁ,CE,0.0
2015,5,DISTRITO FEDERAL,DF,36.83
2015,5,ESPÍRITO SANTO,ES,0.0
2015,5,GOIÁS,GO,261.625
2015,5,MARANHÃO,MA,310.447
2015,5,MINAS GERAIS,MG,303.821
2015,5,MATO GROSSO DO SUL,MS,0.0
2015,5,MATO GROSSO,MT,116.851
2015,5,PARÁ,PA,254.24200000000002
2015,5,PARAÍBA,PB,0.0
2015,5,PERNAMBUCO,PE,0.0
2015,5,PIAUÍ,PI,641.8340000000001
2015,5,PARANÁ,PR,164.605
2015,5,RIO DE JANEIRO,RJ,0.0
2015,5,RIO GRANDE DO NORTE,RN,0.0
2015,5,RONDÔNIA,RO,0.0
2015,5,RORAIMA,RR,15.975999999999999
2015,5,RIO GRANDE DO SUL,RS,1476.1970000000001
2015,5,SANTA CATARINA,SC,37.260999999999996
2015,5,SERGIPE,SE,0.0
2015,5,SÃO PAULO,SP,6.917999999999999
2015,5,TOCANTINS,TO,206.311
2015,6,ACRE,AC,0.0
2015,6,ALAGOAS,AL,0.0
2015,6,AMAZONAS,AM,0.0
2015,6,AMAPÁ,AP,1.875
2015,6,BAHIA,BA,0.0
2015,6,CEARÁ,CE,0.0
2015,6,DISTRITO FEDERAL,DF,36.83
2015,6,ESPÍRITO SANTO,ES,0.0
2015,6,GOIÁS,GO,0.0
2015,6,MARANHÃO,MA,0.0
2015,6,MINAS GERAIS,MG,0.0
2015,6,MATO GROSSO DO SUL,MS,0.0
2015,6,MATO GROSSO,MT,0.0
2015,6,PARÁ,PA,254.24200000000002
2015,6,PARAÍBA,PB,0.0
2015,6,PERNAMBUCO,PE,0.0
2015,6,PIAUÍ,PI,0.0
2015,6,PARANÁ,PR,0.0
2015,6,RIO DE JANEIRO,RJ,0.0
2015,6,RIO GRANDE DO NORTE,RN,0.0
2015,6,RONDÔNIA,RO,0.0
2015,6,RORAIMA,RR,15.975999999999999
2015,6,RIO GRANDE DO SUL,RS,0.0
2015,6,SANTA CATARINA,SC,0.0
2015,6,SERGIPE,SE,0.0
2015,6,SÃO PAULO,SP,0.0
2015,6,TOCANTINS,TO,0.0
2015,7,ACRE,AC,0.0
2015,7,ALAGOAS,AL,0.0
2015,7,AMAZONAS,AM,0.0
2015,7,AMAPÁ,AP,0.0
2015,7,BAHIA,BA,0.0
2015,7,CEARÁ,CE,0.0
2015,7,DISTRITO FEDERAL,DF,0.0
2015,7,ESPÍRITO SANTO,ES,0.0
2015,7,GOIÁS,GO,0.0
2015,7,MARANHÃO,MA,0.0
2015,7,MINAS GERAIS,MG,0.0
2015,7,MATO GROSSO DO SUL,MS,0.0
2015,7,MATO GROSSO,MT,0.0
2015,7,PARÁ,PA,0.0
2015,7,PARAÍBA,PB,0.0
2015,7,PERNAMBUCO,PE,0.0
2015,7,PIAUÍ,PI,0.0
2015,7,PARANÁ,PR,0.0
2015,7,RIO DE JANEIRO,RJ,0.0
2015,7,RIO GRANDE DO NORTE,RN,0.0
2015,7,RONDÔNIA,RO,0.0
2015,7,RORAIMA,RR,0.0
2015,7,RIO GRANDE DO SUL,RS,0.0
2015,7,SANTA CATARINA,SC,0.0
2015,7,SERGIPE,SE,0.0
2015,7,SÃO PAULO,SP,0.0
2015,7,TOCANTINS,TO,0.0
2015,8,ACRE,AC,0.0
2015,8,ALAGOAS,AL,0.0
2015,8,AMAZONAS,AM,0.0
2015,8,AMAPÁ,AP,0.0
2015,8,BAHIA,BA,0.0
2015,8,CEARÁ,CE,0.0
2015,8,DISTRITO FEDERAL,DF,0.0
2015,8,ESPÍRITO SANTO,ES,0.0
2015,8,GOIÁS,GO,0.0
2015,8,MARANHÃO,MA,0.0
2015,8,MINAS GERAIS,MG,0.0
2015,8,MATO GROSSO DO SUL,MS,0.0
2015,8,MATO GROSSO,MT,0.0
2015,8,PARÁ,PA,0.0
2015,8,PARAÍBA,PB,0.0
2015,8,PERNAMBUCO,PE,0.0
2015,8,PIAUÍ,PI,0.0
2015,8,PARANÁ,PR,0.0
2015,8,RIO DE JANEIRO,RJ,0.0
2015,8,RIO GRANDE DO NORTE,RN,0.0
2015,8,RONDÔNIA,RO,0.0
2015,8,RORAIMA,RR,0.0
2015,8,RIO GRANDE DO SUL,RS,0.0
2015,8,SANTA CATARINA,SC,0.0
2015,8,SERGIPE,SE,0.0
2015,8,SÃO PAULO,SP,0.0
2015,8,TOCANTINS,TO,0.0
2015,9,ACRE,AC,0.0
2015,9,ALAGOAS,AL,0.0
2015,9,AMAZONAS,AM,0.0
2015,9,AMAPÁ,AP,0.0
2015,9,BAHIA,BA,0.0
2015,9,CEARÁ,CE,0.0
2015,9,DISTRITO FEDERAL,DF,0.0
2015,9,ESPÍRITO SANTO,ES,0.0
2015,9,GOIÁS,GO,0.0
2015,9,MARANHÃO,MA,0.0
2015,9,MINAS GERAIS,MG,0.0
2015,9,MATO GROSSO DO SUL,MS,0.0
2015,9,MATO GROSSO,MT,0.0
2015,9,PARÁ,PA,0.0
2015,9,PARAÍBA,PB,0.0
2015,9,PERNAMBUCO,PE,0.0
2015,9,PIAUÍ,PI,0.0
2015,9,PARANÁ,PR,0.0
2015,9,RIO DE JANEIRO,RJ,0.0
2015,9,RIO GRANDE DO NORTE,RN,0.0
2015,9,RONDÔNIA,RO,0.0
2015,9,RORAIMA,RR,0.0
2015,9,RIO GRANDE DO SUL,RS,0.0
2015,9,SANTA CATARINA,SC,0.0
2015,9,SERGIPE,SE,0.0
2015,9,SÃO PAULO,SP,0.0
2015,9,TOCANTINS,TO,0.0
2015,10,ACRE,AC,0.0
2015,10,ALAGOAS,AL,0.0
2015,10,AMAZONAS,AM,0.0
2015,10,AMAPÁ,AP,0.0
2015,10,BAHIA,BA,0.0
2015,10,CEARÁ,CE,0.0
2015,10,DISTRITO FEDERAL,DF,0.0
2015,10,ESPÍRITO SANTO,ES,0.0
2015,10,GOIÁS,GO,0.0
2015,10,MARANHÃO,MA,0.0
2015,10,MINAS GERAIS,MG,0.0
2015,10,MATO GROSSO DO SUL,MS,0.0
2015,10,MATO GROSSO,MT,0.0
2015,10,PARÁ,PA,0.0
2015,10,PARAÍBA,PB,0.0
2015,10,PERNAMBUCO,PE,0.0
2015,10,PIAUÍ,PI,0.0
2015,10,PARANÁ,PR,0.0
2015,10,RIO DE JANEIRO,RJ,0.0
2015,10,RIO GRANDE DO NORTE,RN,0.0
2015,10,RONDÔNIA,RO,0.0
2015,10,RORAIMA,RR,0.0
2015,10,RIO GRANDE DO SUL,RS,0.0
2015,10,SANTA CATARINA,SC,0.0
2015,10,SERGIPE,SE,0.0
2015,10,SÃO PAULO,SP,0.0
2015,10,TOCANTINS,TO,0.0
2015,11,ACRE,AC,0.0
2015,11,ALAGOAS,AL,0.0
2015,11,AMAZONAS,AM,0.0
2015,11,AMAPÁ,AP,0.0
2015,11,BAHIA,BA,0.0
2015,11,CEARÁ,CE,0.0
2015,11,DISTRITO FEDERAL,DF,0.0
2015,11,ESPÍRITO SANTO,ES,0.0
2015,11,GOIÁS,GO,0.0
2015,11,MARANHÃO,MA,0.0
2015,11,MINAS GERAIS,MG,0.0
2015,11,MATO GROSSO DO SUL,MS,0.0
2015,11,MATO GROSSO,MT,0.0
2015,11,PARÁ,PA,0.0
2015,11,PARAÍBA,PB,0.0
2015,11,PERNAMBUCO,PE,0.0
2015,11,PIAUÍ,PI,0.0
2015,11,PARANÁ,PR,0.0
2015,11,RIO DE JANEIRO,RJ,0.0
2015,11,RIO GRANDE DO NORTE,RN,0.0
2015,11,RONDÔNIA,RO,0.0
2015,11,RORAIMA,RR,0.0
2015,11,RIO GRANDE DO SUL,RS,0.0
2015,11,SANTA CATARINA,SC,0.0
2015,11,SERGIPE,SE,0.0
2015,11,SÃO PAULO,SP,0.0
2015,11,TOCANTINS,TO,0.0
2015,12,ACRE,AC,0.0
2015,12,ALAGOAS,AL,0.0
2015,12,AMAZONAS,AM,0.0
2015,12,AMAPÁ,AP,0.0
2015,12,BAHIA,BA,0.0
2015,12,CEARÁ,CE,0.0
2015,12,DISTRITO FEDERAL,DF,0.0
2015,12,ESPÍRITO SANTO,ES,0.0
2015,12,GOIÁS,GO,0.0
2015,12,MARANHÃO,MA,0.0
2015,12,MINAS GERAIS,MG,0.0
2015,12,MATO GROSSO DO SUL,MS,0.0
2015,12,MATO GROSSO,MT,0.0
2015,12,PARÁ,PA,0.0
2015,12,PARAÍBA,PB,0.0
2015,12,PERNAMBUCO,PE,0.0
2015,12,PIAUÍ,PI,0.0
2015,12,PARANÁ,PR,0.0
2015,12,RIO DE JANEIRO,RJ,0.0
2015,12,RIO GRANDE DO NORTE,RN,0.0
2015,12,RONDÔNIA,RO,0.0
2015,12,RORAIMA,RR,0.0
2015,12,RIO GRANDE DO SUL,RS,0.0
2015,12,SANTA CATARINA,SC,0.0
2015,12,SERGIPE,SE,0.0
2015,12,SÃO PAULO,SP,0.0
2015,12,TOCANTINS,TO,0.0
2016,1,ACRE,AC,0.0
2016,1,ALAGOAS,AL,0.0
2016,1,AMAZONAS,AM,0.0
2016,1,AMAPÁ,AP,0.0
2016,1,BAHIA,BA,0.0
2016,1,CEARÁ,CE,0.0
2016,1,DISTRITO FEDERAL,DF,0.0
2016,1,ESPÍRITO SANTO,ES,0.0
2016,1,GOIÁS,GO,290.40299999999996
2016,1,MARANHÃO,MA,0.0
2016,1,MINAS GERAIS,MG,0.0
2016,1,MATO GROSSO DO SUL,MS,887.7869999999999
2016,1,MATO GROSSO,MT,3617.74
2016,1,PARÁ,PA,0.0
2016,1,PARAÍBA,PB,0.0
2016,1,PERNAMBUCO,PE,0.0
2016,1,PIAUÍ,PI,0.0
2016,1,PARANÁ,PR,3168.6890000000003
2016,1,RIO DE JANEIRO,RJ,0.0
2016,1,RIO GRANDE DO NORTE,RN,0.0
2016,1,RONDÔNIA,RO,72.711
2016,1,RORAIMA,RR,0.0
2016,1,RIO GRANDE DO SUL,RS,8.439
2016,1,SANTA CATARINA,SC,55.065
2016,1,SERGIPE,SE,0.0
2016,1,SÃO PAULO,SP,400.92800000000005
2016,1,TOCANTINS,TO,0.0
2016,2,ACRE,AC,0.0
2016,2,ALAGOAS,AL,0.0
2016,2,AMAZONAS,AM,0.0
2016,2,AMAPÁ,AP,0.0
2016,2,BAHIA,BA,64.31400000000001
2016,2,CEARÁ,CE,0.0
2016,2,DISTRITO FEDERAL,DF,0.0
2016,2,ESPÍRITO SANTO,ES,0.0
2016,2,GOIÁS,GO,4694.219
2016,2,MARANHÃO,MA,37.506
2016,2,MINAS GERAIS,MG,1420.226
2016,2,MATO GROSSO DO SUL,MS,3440.2619999999997
2016,2,MATO GROSSO,MT,13118.16
2016,2,PARÁ,PA,0.0
2016,2,PARAÍBA,PB,0.0
2016,2,PERNAMBUCO,PE,0.0
2016,2,PIAUÍ,PI,12.949
2016,2,PARANÁ,PR,6104.529
2016,2,RIO DE JANEIRO,RJ,0.0
2016,2,RIO GRANDE DO NORTE,RN,0.0
2016,2,RONDÔNIA,RO,309.978
2016,2,RORAIMA,RR,0.0
2016,2,RIO GRANDE DO SUL,RS,485.756
2016,2,SANTA CATARINA,SC,148.031
2016,2,SERGIPE,SE,0.0
2016,2,SÃO PAULO,SP,1014.112
2016,2,TOCANTINS,TO,118.132
2016,3,ACRE,AC,0.0
2016,3,ALAGOAS,AL,0.0
2016,3,AMAZONAS,AM,0.0
2016,3,AMAPÁ,AP,2.625
2016,3,BAHIA,BA,1162.548
2016,3,CEARÁ,CE,0.0
2016,3,DISTRITO FEDERAL,DF,57.75
2016,3,ESPÍRITO SANTO,ES,0.0
2016,3,GOIÁS,GO,3823.676
2016,3,MARANHÃO,MA,565.276
2016,3,MINAS GERAIS,MG,3008.625
2016,3,MATO GROSSO DO SUL,MS,2765.685
2016,3,MATO GROSSO,MT,9850.135
2016,3,PARÁ,PA,322.31800000000004
2016,3,PARAÍBA,PB,0.0
2016,3,PERNAMBUCO,PE,0.0
2016,3,PIAUÍ,PI,233.09599999999998
2016,3,PARANÁ,PR,4856.63
2016,3,RIO DE JANEIRO,RJ,0.0
2016,3,RIO GRANDE DO NORTE,RN,0.0
2016,3,RONDÔNIA,RO,338.95300000000003
2016,3,RORAIMA,RR,19.8
2016,3,RIO GRANDE DO SUL,RS,3395.08
2016,3,SANTA CATARINA,SC,1052.737
2016,3,SERGIPE,SE,0.0
2016,3,SÃO PAULO,SP,1394.825
2016,3,TOCANTINS,TO,855.86
2016,4,ACRE,AC,0.0
2016,4,ALAGOAS,AL,0.0
2016,4,AMAZONAS,AM,0.0
2016,4,AMAPÁ,AP,2.625
2016,4,BAHIA,BA,1724.6480000000001
2016,4,CEARÁ,CE,0.0
2016,4,DISTRITO FEDERAL,DF,57.75
2016,4,ESPÍRITO SANTO,ES,0.0
2016,4,GOIÁS,GO,1321.388
2016,4,MARANHÃO,MA,433.111
2016,4,MINAS GERAIS,MG,274.801
2016,4,MATO GROSSO DO SUL,MS,385.806
2016,4,MATO GROSSO,MT,1879.6460000000002
2016,4,PARÁ,PA,322.31800000000004
2016,4,PARAÍBA,PB,0.0
2016,4,PERNAMBUCO,PE,0.0
2016,4,PIAUÍ,PI,225.696
2016,4,PARANÁ,PR,2686.1890000000003
2016,4,RIO DE JANEIRO,RJ,0.0
2016,4,RIO GRANDE DO NORTE,RN,0.0
2016,4,RONDÔNIA,RO,43.736000000000004
2016,4,RORAIMA,RR,19.8
2016,4,RIO GRANDE DO SUL,RS,9449.175
2016,4,SANTA CATARINA,SC,798.42
2016,4,SERGIPE,SE,0.0
2016,4,SÃO PAULO,SP,20.215
2016,4,TOCANTINS,TO,490.6120000000001
2016,5,ACRE,AC,0.0
2016,5,ALAGOAS,AL,0.0
2016,5,AMAZONAS,AM,0.0
2016,5,AMAPÁ,AP,2.625
2016,5,BAHIA,BA,264.14300000000003
2016,5,CEARÁ,CE,0.0
2016,5,DISTRITO FEDERAL,DF,57.75
2016,5,ESPÍRITO SANTO,ES,0.0
2016,5,GOIÁS,GO,119.82600000000001
2016,5,MARANHÃO,MA,209.51500000000001
2016,5,MINAS GERAIS,MG,30.434
2016,5,MATO GROSSO DO SUL,MS,0.0
2016,5,MATO GROSSO,MT,51.121
2016,5,PARÁ,PA,322.31800000000004
2016,5,PARAÍBA,PB,0.0
2016,5,PERNAMBUCO,PE,0.0
2016,5,PIAUÍ,PI,173.25699999999998
2016,5,PARANÁ,PR,290.143
2016,5,RIO DE JANEIRO,RJ,0.0
2016,5,RIO GRANDE DO NORTE,RN,0.0
2016,5,RONDÔNIA,RO,0.0
2016,5,RORAIMA,RR,19.8
2016,5,RIO GRANDE DO SUL,RS,2819.303
2016,5,SANTA CATARINA,SC,81.618
2016,5,SERGIPE,SE,0.0
2016,5,SÃO PAULO,SP,0.0
2016,5,TOCANTINS,TO,223.005
2016,6,ACRE,AC,0.0
2016,6,ALAGOAS,AL,0.0
2016,6,AMAZONAS,AM,0.0
2016,6,AMAPÁ,AP,2.625
2016,6,BAHIA,BA,0.0
2016,6,CEARÁ,CE,0.0
2016,6,DISTRITO FEDERAL,DF,57.75
2016,6,ESPÍRITO SANTO,ES,0.0
2016,6,GOIÁS,GO,0.0
2016,6,MARANHÃO,MA,4.808
2016,6,MINAS GERAIS,MG,0.0
2016,6,MATO GROSSO DO SUL,MS,0.0
2016,6,MATO GROSSO,MT,0.0
2016,6,PARÁ,PA,322.31800000000004
2016,6,PARAÍBA,PB,0.0
2016,6,PERNAMBUCO,PE,0.0
2016,6,PIAUÍ,PI,2.4899999999999998
2016,6,PARANÁ,PR,0.0
2016,6,RIO DE JANEIRO,RJ,0.0
2016,6,RIO GRANDE DO NORTE,RN,0.0
2016,6,RONDÔNIA,RO,0.0
2016,6,RORAIMA,RR,19.8
2016,6,RIO GRANDE DO SUL,RS,41.57
2016,6,SANTA CATARINA,SC,0.0
2016,6,SERGIPE,SE,0.0
2016,6,SÃO PAULO,SP,0.0
2016,6,TOCANTINS,TO,0.0
2016,7,ACRE,AC,0.0
2016,7,ALAGOAS,AL,0.0
2016,7,AMAZONAS,AM,0.0
2016,7,AMAPÁ,AP,0.0
2016,7,BAHIA,BA,0.0
2016,7,CEARÁ,CE,0.0
2016,7,DISTRITO FEDERAL,DF,0.0
2016,7,ESPÍRITO SANTO,ES,0.0
2016,7,GOIÁS,GO,0.0
2016,7,MARANHÃO,MA,0.0
2016,7,MINAS GERAIS,MG,0.0
2016,7,MATO GROSSO DO SUL,MS,0.0
2016,7,MATO GROSSO,MT,0.0
2016,7,PARÁ,PA,0.0
2016,7,PARAÍBA,PB,0.0
2016,7,PERNAMBUCO,PE,0.0
2016,7,PIAUÍ,PI,0.0
2016,7,PARANÁ,PR,0.0
2016,7,RIO DE JANEIRO,RJ,0.0
2016,7,RIO GRANDE DO NORTE,RN,0.0
2016,7,RONDÔNIA,RO,0.0
2016,7,RORAIMA,RR,0.0
2016,7,RIO GRANDE DO SUL,RS,2.028
2016,7,SANTA CATARINA,SC,0.0
2016,7,SERGIPE,SE,0.0
2016,7,SÃO PAULO,SP,0.0
2016,7,TOCANTINS,TO,0.0
2016,8,ACRE,AC,0.0
2016,8,ALAGOAS,AL,0.0
2016,8,AMAZONAS,AM,0.0
2016,8,AMAPÁ,AP,0.0
2016,8,BAHIA,BA,0.0
2016,8,CEARÁ,CE,0.0
2016,8,DISTRITO FEDERAL,DF,0.0
2016,8,ESPÍRITO SANTO,ES,0.0
2016,8,GOIÁS,GO,0.0
2016,8,MARANHÃO,MA,0.0
2016,8,MINAS GERAIS,MG,0.0
2016,8,MATO GROSSO DO SUL,MS,0.0
2016,8,MATO GROSSO,MT,0.0
2016,8,PARÁ,PA,0.0
2016,8,PARAÍBA,PB,0.0
2016,8,PERNAMBUCO,PE,0.0
2016,8,PIAUÍ,PI,0.0
2016,8,PARANÁ,PR,0.0
2016,8,RIO DE JANEIRO,RJ,0.0
2016,8,RIO GRANDE DO NORTE,RN,0.0
2016,8,RONDÔNIA,RO,0.0
2016,8,RORAIMA,RR,0.0
2016,8,RIO GRANDE DO SUL,RS,0.0
2016,8,SANTA CATARINA,SC,0.0
2016,8,SERGIPE,SE,0.0
2016,8,SÃO PAULO,SP,0.0
2016,8,TOCANTINS,TO,0.0
2016,9,ACRE,AC,0.0
2016,9,ALAGOAS,AL,0.0
2016,9,AMAZONAS,AM,0.0
2016,9,AMAPÁ,AP,0.0
2016,9,BAHIA,BA,0.0
2016,9,CEARÁ,CE,0.0
2016,9,DISTRITO FEDERAL,DF,0.0
2016,9,ESPÍRITO SANTO,ES,0.0
2016,9,GOIÁS,GO,0.0
2016,9,MARANHÃO,MA,0.0
2016,9,MINAS GERAIS,MG,0.0
2016,9,MATO GROSSO DO SUL,MS,0.0
2016,9,MATO GROSSO,MT,0.0
2016,9,PARÁ,PA,0.0
2016,9,PARAÍBA,PB,0.0
2016,9,PERNAMBUCO,PE,0.0
2016,9,PIAUÍ,PI,0.0
2016,9,PARANÁ,PR,0.0
2016,9,RIO DE JANEIRO,RJ,0.0
2016,9,RIO GRANDE DO NORTE,RN,0.0
2016,9,RONDÔNIA,RO,0.0
2016,9,RORAIMA,RR,0.0
2016,9,RIO GRANDE DO SUL,RS,0.0
2016,9,SANTA CATARINA,SC,0.0
2016,9,SERGIPE,SE,0.0
2016,9,SÃO PAULO,SP,0.0
2016,9,TOCANTINS,TO,0.0
2016,10,ACRE,AC,0.0
2016,10,ALAGOAS,AL,0.0
2016,10,AMAZONAS,AM,0.0
2016,10,AMAPÁ,AP,0.0
2016,10,BAHIA,BA,0.0
2016,10,CEARÁ,CE,0.0
2016,10,DISTRITO FEDERAL,DF,0.0
2016,10,ESPÍRITO SANTO,ES,0.0
2016,10,GOIÁS,GO,0.0
2016,10,MARANHÃO,MA,0.0
2016,10,MINAS GERAIS,MG,0.0
2016,10,MATO GROSSO DO SUL,MS,0.0
2016,10,MATO GROSSO,MT,0.0
2016,10,PARÁ,PA,0.0
2016,10,PARAÍBA,PB,0.0
2016,10,PERNAMBUCO,PE,0.0
2016,10,PIAUÍ,PI,0.0
2016,10,PARANÁ,PR,0.0
2016,10,RIO DE JANEIRO,RJ,0.0
2016,10,RIO GRANDE DO NORTE,RN,0.0
2016,10,RONDÔNIA,RO,0.0
2016,10,RORAIMA,RR,0.0
2016,10,RIO GRANDE DO SUL,RS,0.0
2016,10,SANTA CATARINA,SC,0.0
2016,10,SERGIPE,SE,0.0
2016,10,SÃO PAULO,SP,0.0
2016,10,TOCANTINS,TO,0.0
2016,11,ACRE,AC,0.0
2016,11,ALAGOAS,AL,0.0
2016,11,AMAZONAS,AM,0.0
2016,11,AMAPÁ,AP,0.0
2016,11,BAHIA,BA,0.0
2016,11,CEARÁ,CE,0.0
2016,11,DISTRITO FEDERAL,DF,0.0
2016,11,ESPÍRITO SANTO,ES,0.0
2016,11,GOIÁS,GO,0.0
2016,11,MARANHÃO,MA,0.0
2016,11,MINAS GERAIS,MG,0.0
2016,11,MATO GROSSO DO SUL,MS,0.0
2016,11,MATO GROSSO,MT,0.0
2016,11,PARÁ,PA,0.0
2016,11,PARAÍBA,PB,0.0
2016,11,PERNAMBUCO,PE,0.0
2016,11,PIAUÍ,PI,0.0
2016,11,PARANÁ,PR,0.0
2016,11,RIO DE JANEIRO,RJ,0.0
2016,11,RIO GRANDE DO NORTE,RN,0.0
2016,11,RONDÔNIA,RO,0.0
2016,11,RORAIMA,RR,0.0
2016,11,RIO GRANDE DO SUL,RS,0.0
2016,11,SANTA CATARINA,SC,0.0
2016,11,SERGIPE,SE,0.0
2016,11,SÃO PAULO,SP,0.0
2016,11,TOCANTINS,TO,0.0
2016,12,ACRE,AC,0.0
2016,12,ALAGOAS,AL,0.0
2016,12,AMAZONAS,AM,0.0
2016,12,AMAPÁ,AP,0.0
2016,12,BAHIA,BA,0.0
2016,12,CEARÁ,CE,0.0
2016,12,DISTRITO FEDERAL,DF,0.0
2016,12,ESPÍRITO SANTO,ES,0.0
2016,12,GOIÁS,GO,0.0
2016,12,MARANHÃO,MA,0.0
2016,12,MINAS GERAIS,MG,0.0
2016,12,MATO GROSSO DO SUL,MS,0.0
2016,12,MATO GROSSO,MT,0.0
2016,12,PARÁ,PA,0.0
2016,12,PARAÍBA,PB,0.0
2016,12,PERNAMBUCO,PE,0.0
2016,12,PIAUÍ,PI,0.0
2016,12,PARANÁ,PR,0.0
2016,12,RIO DE JANEIRO,RJ,0.0
2016,12,RIO GRANDE DO NORTE,RN,0.0
2016,12,RONDÔNIA,RO,0.0
2016,12,RORAIMA,RR,0.0
2016,12,RIO GRANDE DO SUL,RS,0.0
2016,12,SANTA CATARINA,SC,0.0
2016,12,SERGIPE,SE,0.0
2016,12,SÃO PAULO,SP,0.0
2016,12,TOCANTINS,TO,0.0
2017,1,ACRE,AC,0.0
2017,1,ALAGOAS,AL,0.0
2017,1,AMAZONAS,AM,0.0
2017,1,AMAPÁ,AP,0.0
2017,1,BAHIA,BA,0.0
2017,1,CEARÁ,CE,0.0
2017,1,DISTRITO FEDERAL,DF,0.0
2017,1,ESPÍRITO SANTO,ES,0.0
2017,1,GOIÁS,GO,1043.992
2017,1,MARANHÃO,MA,21.341
2017,1,MINAS GERAIS,MG,183.12
2017,1,MATO GROSSO DO SUL,MS,703.0169999999999
2017,1,MATO GROSSO,MT,8812.021999999999
2017,1,PARÁ,PA,0.0
2017,1,PARAÍBA,PB,0.0
2017,1,PERNAMBUCO,PE,0.0
2017,1,PIAUÍ,PI,5.888
2017,1,PARANÁ,PR,1001.2810000000001
2017,1,RIO DE JANEIRO,RJ,0.0
2017,1,RIO GRANDE DO NORTE,RN,0.0
2017,1,RONDÔNIA,RO,166.5
2017,1,RORAIMA,RR,0.0
2017,1,RIO GRANDE DO SUL,RS,9.423
2017,1,SANTA CATARINA,SC,15.857000000000001
2017,1,SERGIPE,SE,0.0
2017,1,SÃO PAULO,SP,149.97299999999998
2017,1,TOCANTINS,TO,32.391
2017,2,ACRE,AC,0.0
2017,2,ALAGOAS,AL,0.0
2017,2,AMAZONAS,AM,0.0
2017,2,AMAPÁ,AP,0.0
2017,2,BAHIA,BA,273.088
2017,2,CEARÁ,CE,0.0
2017,2,DISTRITO FEDERAL,DF,0.0
2017,2,ESPÍRITO SANTO,ES,0.0
2017,2,GOIÁS,GO,5540.35
2017,2,MARANHÃO,MA,625.9939999999999
2017,2,MINAS GERAIS,MG,1761.187
2017,2,MATO GROSSO DO SUL,MS,4598.524
2017,2,MATO GROSSO,MT,14981.942
2017,2,PARÁ,PA,0.0
2017,2,PARAÍBA,PB,0.0
2017,2,PERNAMBUCO,PE,0.0
2017,2,PIAUÍ,PI,179.56600000000003
2017,2,PARANÁ,PR,7278.71
2017,2,RIO DE JANEIRO,RJ,0.0
2017,2,RIO GRANDE DO NORTE,RN,0.0
2017,2,RONDÔNIA,RO,486.18
2017,2,RORAIMA,RR,0.0
2017,2,RIO GRANDE DO SUL,RS,571.315
2017,2,SANTA CATARINA,SC,226.35
2017,2,SERGIPE,SE,0.0
2017,2,SÃO PAULO,SP,1055.51
2017,2,TOCANTINS,TO,596.792
2017,3,ACRE,AC,0.0
2017,3,ALAGOAS,AL,0.0
2017,3,AMAZONAS,AM,0.0
2017,3,AMAPÁ,AP,13.599
2017,3,BAHIA,BA,1698.2319999999997
2017,3,CEARÁ,CE,0.0
2017,3,DISTRITO FEDERAL,DF,60.375
2017,3,ESPÍRITO SANTO,ES,0.0
2017,3,GOIÁS,GO,3221.3
2017,3,MARANHÃO,MA,620.7779999999999
2017,3,MINAS GERAIS,MG,2505.081
2017,3,MATO GROSSO DO SUL,MS,2869.9629999999997
2017,3,MATO GROSSO,MT,6330.048000000001
2017,3,PARÁ,PA,408.832
2017,3,PARAÍBA,PB,0.0
2017,3,PERNAMBUCO,PE,0.0
2017,3,PIAUÍ,PI,412.11699999999996
2017,3,PARANÁ,PR,8626.905
2017,3,RIO DE JANEIRO,RJ,0.0
2017,3,RIO GRANDE DO NORTE,RN,0.0
2017,3,RONDÔNIA,RO,263.558
2017,3,RORAIMA,RR,22.5
2017,3,RIO GRANDE DO SUL,RS,3130.046
2017,3,SANTA CATARINA,SC,641.5369999999999
2017,3,SERGIPE,SE,0.0
2017,3,SÃO PAULO,SP,1125.5439999999999
2017,3,TOCANTINS,TO,1277.26
2017,4,ACRE,AC,0.0
2017,4,ALAGOAS,AL,0.0
2017,4,AMAZONAS,AM,0.0
2017,4,AMAPÁ,AP,13.599
2017,4,BAHIA,BA,2591.2219999999998
2017,4,CEARÁ,CE,0.0
2017,4,DISTRITO FEDERAL,DF,60.375
2017,4,ESPÍRITO SANTO,ES,0.0
2017,4,GOIÁS,GO,1007.543
2017,4,MARANHÃO,MA,983.3329999999999
2017,4,MINAS GERAIS,MG,598.804
2017,4,MATO GROSSO DO SUL,MS,407.92499999999995
2017,4,MATO GROSSO,MT,916.4270000000001
2017,4,PARÁ,PA,408.832
2017,4,PARAÍBA,PB,0.0
2017,4,PERNAMBUCO,PE,0.0
2017,4,PIAUÍ,PI,1109.773
2017,4,PARANÁ,PR,2485.08
2017,4,RIO DE JANEIRO,RJ,0.0
2017,4,RIO GRANDE DO NORTE,RN,0.0
2017,4,RONDÔNIA,RO,16.162
2017,4,RORAIMA,RR,22.5
2017,4,RIO GRANDE DO SUL,RS,11806.938
2017,4,SANTA CATARINA,SC,1158.945
2017,4,SERGIPE,SE,0.0
2017,4,SÃO PAULO,SP,744.5369999999999
2017,4,TOCANTINS,TO,707.056
2017,5,ACRE,AC,0.0
2017,5,ALAGOAS,AL,0.0
2017,5,AMAZONAS,AM,0.0
2017,5,AMAPÁ,AP,13.599
2017,5,BAHIA,BA,557.63
2017,5,CEARÁ,CE,0.0
2017,5,DISTRITO FEDERAL,DF,60.375
2017,5,ESPÍRITO SANTO,ES,0.0
2017,5,GOIÁS,GO,5.864999999999999
2017,5,MARANHÃO,MA,238.305
2017,5,MINAS GERAIS,MG,19.037000000000003
2017,5,MATO GROSSO DO SUL,MS,1.435
2017,5,MATO GROSSO,MT,4.484000000000001
2017,5,PARÁ,PA,408.832
2017,5,PARAÍBA,PB,0.0
2017,5,PERNAMBUCO,PE,0.0
2017,5,PIAUÍ,PI,353.24299999999994
2017,5,PARANÁ,PR,325.522
2017,5,RIO DE JANEIRO,RJ,0.0
2017,5,RIO GRANDE DO NORTE,RN,0.0
2017,5,RONDÔNIA,RO,0.0
2017,5,RORAIMA,RR,22.5
2017,5,RIO GRANDE DO SUL,RS,3104.7259999999997
2017,5,SANTA CATARINA,SC,301.17400000000004
2017,5,SERGIPE,SE,0.0
2017,5,SÃO PAULO,SP,7.85
2017,5,TOCANTINS,TO,220.65999999999997
2017,6,ACRE,AC,0.0
2017,6,ALAGOAS,AL,0.0
2017,6,AMAZONAS,AM,0.0
2017,6,AMAPÁ,AP,13.599
2017,6,BAHIA,BA,0.0
2017,6,CEARÁ,CE,0.0
2017,6,DISTRITO FEDERAL,DF,60.375
2017,6,ESPÍRITO SANTO,ES,0.0
2017,6,GOIÁS,GO,0.0
2017,6,MARANHÃO,MA,0.0
2017,6,MINAS GERAIS,MG,0.0
2017,6,MATO GROSSO DO SUL,MS,0.0
2017,6,MATO GROSSO,MT,0.0
2017,6,PARÁ,PA,408.832
2017,6,PARAÍBA,PB,0.0
2017,6,PERNAMBUCO,PE,0.0
2017,6,PIAUÍ,PI,0.0
2017,6,PARANÁ,PR,0.0
2017,6,RIO DE JANEIRO,RJ,0.0
2017,6,RIO GRANDE DO NORTE,RN,0.0
2017,6,RONDÔNIA,RO,0.0
2017,6,RORAIMA,RR,22.5
2017,6,RIO GRANDE DO SUL,RS,91.40799999999999
2017,6,SANTA CATARINA,SC,0.0
2017,6,SERGIPE,SE,0.0
2017,6,SÃO PAULO,SP,0.0
2017,6,TOCANTINS,TO,0.0
2017,7,ACRE,AC,0.0
2017,7,ALAGOAS,AL,0.0
2017,7,AMAZONAS,AM,0.0
2017,7,AMAPÁ,AP,0.0
2017,7,BAHIA,BA,0.0
2017,7,CEARÁ,CE,0.0
2017,7,DISTRITO FEDERAL,DF,0.0
2017,7,ESPÍRITO SANTO,ES,0.0
2017,7,GOIÁS,GO,0.0
2017,7,MARANHÃO,MA,0.0
2017,7,MINAS GERAIS,MG,0.0
2017,7,MATO GROSSO DO SUL,MS,0.0
2017,7,MATO GROSSO,MT,0.0
2017,7,PARÁ,PA,0.0
2017,7,PARAÍBA,PB,0.0
2017,7,PERNAMBUCO,PE,0.0
2017,7,PIAUÍ,PI,0.0
2017,7,PARANÁ,PR,0.0
2017,7,RIO DE JANEIRO,RJ,0.0
2017,7,RIO GRANDE DO NORTE,RN,0.0
2017,7,RONDÔNIA,RO,0.0
2017,7,RORAIMA,RR,0.0
2017,7,RIO GRANDE DO SUL,RS,0.0
2017,7,SANTA CATARINA,SC,0.0
2017,7,SERGIPE,SE,0.0
2017,7,SÃO PAULO,SP,0.0
2017,7,TOCANTINS,TO,0.0
2017,8,ACRE,AC,0.0
2017,8,ALAGOAS,AL,0.0
2017,8,AMAZONAS,AM,0.0
2017,8,AMAPÁ,AP,0.0
2017,8,BAHIA,BA,0.0
2017,8,CEARÁ,CE,0.0
2017,8,DISTRITO FEDERAL,DF,0.0
2017,8,ESPÍRITO SANTO,ES,0.0
2017,8,GOIÁS,GO,0.0
2017,8,MARANHÃO,MA,0.0
2017,8,MINAS GERAIS,MG,0.0
2017,8,MATO GROSSO DO SUL,MS,0.0
2017,8,MATO GROSSO,MT,0.0
2017,8,PARÁ,PA,0.0
2017,8,PARAÍBA,PB,0.0
2017,8,PERNAMBUCO,PE,0.0
2017,8,PIAUÍ,PI,0.0
2017,8,PARANÁ,PR,0.0
2017,8,RIO DE JANEIRO,RJ,0.0
2017,8,RIO GRANDE DO NORTE,RN,0.0
2017,8,RONDÔNIA,RO,0.0
2017,8,RORAIMA,RR,0.0
2017,8,RIO GRANDE DO SUL,RS,0.0
2017,8,SANTA CATARINA,SC,0.0
2017,8,SERGIPE,SE,0.0
2017,8,SÃO PAULO,SP,0.0
2017,8,TOCANTINS,TO,0.0
2017,9,ACRE,AC,0.0
2017,9,ALAGOAS,AL,0.0
2017,9,AMAZONAS,AM,0.0
2017,9,AMAPÁ,AP,0.0
2017,9,BAHIA,BA,0.0
2017,9,CEARÁ,CE,0.0
2017,9,DISTRITO FEDERAL,DF,0.0
2017,9,ESPÍRITO SANTO,ES,0.0
2017,9,GOIÁS,GO,0.0
2017,9,MARANHÃO,MA,0.0
2017,9,MINAS GERAIS,MG,0.0
2017,9,MATO GROSSO DO SUL,MS,0.0
2017,9,MATO GROSSO,MT,0.0
2017,9,PARÁ,PA,0.0
2017,9,PARAÍBA,PB,0.0
2017,9,PERNAMBUCO,PE,0.0
2017,9,PIAUÍ,PI,0.0
2017,9,PARANÁ,PR,0.0
2017,9,RIO DE JANEIRO,RJ,0.0
2017,9,RIO GRANDE DO NORTE,RN,0.0
2017,9,RONDÔNIA,RO,0.0
2017,9,RORAIMA,RR,0.0
2017,9,RIO GRANDE DO SUL,RS,0.0
2017,9,SANTA CATARINA,SC,0.0
2017,9,SERGIPE,SE,0.0
2017,9,SÃO PAULO,SP,0.0
2017,9,TOCANTINS,TO,0.0
2017,10,ACRE,AC,0.0
2017,10,ALAGOAS,AL,0.0
2017,10,AMAZONAS,AM,0.0
2017,10,AMAPÁ,AP,0.0
2017,10,BAHIA,BA,0.0
2017,10,CEARÁ,CE,0.0
2017,10,DISTRITO FEDERAL,DF,0.0
2017,10,ESPÍRITO SANTO,ES,0.0
2017,10,GOIÁS,GO,0.0
2017,10,MARANHÃO,MA,0.0
2017,10,MINAS GERAIS,MG,0.0
2017,10,MATO GROSSO DO SUL,MS,0.0
2017,10,MATO GROSSO,MT,0.0
2017,10,PARÁ,PA,0.0
2017,10,PARAÍBA,PB,0.0
2017,10,PERNAMBUCO,PE,0.0
2017,10,PIAUÍ,PI,0.0
2017,10,PARANÁ,PR,0.0
2017,10,RIO DE JANEIRO,RJ,0.0
2017,10,RIO GRANDE DO NORTE,RN,0.0
2017,10,RONDÔNIA,RO,0.0
2017,10,RORAIMA,RR,0.0
2017,10,RIO GRANDE DO SUL,RS,0.0
2017,10,SANTA CATARINA,SC,0.0
2017,10,SERGIPE,SE,0.0
2017,10,SÃO PAULO,SP,0.0
2017,10,TOCANTINS,TO,0.0
2017,11,ACRE,AC,0.0
2017,11,ALAGOAS,AL,0.0
2017,11,AMAZONAS,AM,0.0
2017,11,AMAPÁ,AP,0.0
2017,11,BAHIA,BA,0.0
2017,11,CEARÁ,CE,0.0
2017,11,DISTRITO FEDERAL,DF,0.0
2017,11,ESPÍRITO SANTO,ES,0.0
2017,11,GOIÁS,GO,0.0
2017,11,MARANHÃO,MA,0.0
2017,11,MINAS GERAIS,MG,0.0
2017,11,MATO GROSSO DO SUL,MS,0.0
2017,11,MATO GROSSO,MT,0.0
2017,11,PARÁ,PA,0.0
2017,11,PARAÍBA,PB,0.0
2017,11,PERNAMBUCO,PE,0.0
2017,11,PIAUÍ,PI,0.0
2017,11,PARANÁ,PR,0.0
2017,11,RIO DE JANEIRO,RJ,0.0
2017,11,RIO GRANDE DO NORTE,RN,0.0
2017,11,RONDÔNIA,RO,0.0
2017,11,RORAIMA,RR,0.0
2017,11,RIO GRANDE DO SUL,RS,0.0
2017,11,SANTA CATARINA,SC,0.0
2017,11,SERGIPE,SE,0.0
2017,11,SÃO PAULO,SP,0.0
2017,11,TOCANTINS,TO,0.0
2017,12,ACRE,AC,0.0
2017,12,ALAGOAS,AL,0.0
2017,12,AMAZONAS,AM,0.0
2017,12,AMAPÁ,AP,0.0
2017,12,BAHIA,BA,0.0
2017,12,CEARÁ,CE,0.0
2017,12,DISTRITO FEDERAL,DF,0.0
2017,12,ESPÍRITO SANTO,ES,0.0
2017,12,GOIÁS,GO,0.0
2017,12,MARANHÃO,MA,0.0
2017,12,MINAS GERAIS,MG,0.0
2017,12,MATO GROSSO DO SUL,MS,0.0
2017,12,MATO GROSSO,MT,0.0
2017,12,PARÁ,PA,0.0
2017,12,PARAÍBA,PB,0.0
2017,12,PERNAMBUCO,PE,0.0
2017,12,PIAUÍ,PI,0.0
2017,12,PARANÁ,PR,0.0
2017,12,RIO DE JANEIRO,RJ,0.0
2017,12,RIO GRANDE DO NORTE,RN,0.0
2017,12,RONDÔNIA,RO,0.0
2017,12,RORAIMA,RR,0.0
2017,12,RIO GRANDE DO SUL,RS,0.0
2017,12,SANTA CATARINA,SC,0.0
2017,12,SERGIPE,SE,0.0
2017,12,SÃO PAULO,SP,0.0
2017,12,TOCANTINS,TO,0.0
2018,1,ACRE,AC,0.0
2018,1,ALAGOAS,AL,0.0
2018,1,AMAZONAS,AM,0.0
2018,1,AMAPÁ,AP,0.0
2018,1,BAHIA,BA,0.0
2018,1,CEARÁ,CE,0.0
2018,1,DISTRITO FEDERAL,DF,0.0
2018,1,ESPÍRITO SANTO,ES,0.0
2018,1,GOIÁS,GO,321.888
2018,1,MARANHÃO,MA,0.0
2018,1,MINAS GERAIS,MG,95.01600000000002
2018,1,MATO GROSSO DO SUL,MS,269.516
2018,1,MATO GROSSO,MT,6510.298
2018,1,PARÁ,PA,0.0
2018,1,PARAÍBA,PB,0.0
2018,1,PERNAMBUCO,PE,0.0
2018,1,PIAUÍ,PI,0.0
2018,1,PARANÁ,PR,113.271
2018,1,RIO DE JANEIRO,RJ,0.0
2018,1,RIO GRANDE DO NORTE,RN,0.0
2018,1,RONDÔNIA,RO,188.722
2018,1,RORAIMA,RR,0.0
2018,1,RIO GRANDE DO SUL,RS,54.982
2018,1,SANTA CATARINA,SC,55.023
2018,1,SERGIPE,SE,0.0
2018,1,SÃO PAULO,SP,53.63
2018,1,TOCANTINS,TO,0.0
2018,2,ACRE,AC,0.0
2018,2,ALAGOAS,AL,0.0
2018,2,AMAZONAS,AM,0.0
2018,2,AMAPÁ,AP,0.0
2018,2,BAHIA,BA,115.51499999999999
2018,2,CEARÁ,CE,0.0
2018,2,DISTRITO FEDERAL,DF,0.0
2018,2,ESPÍRITO SANTO,ES,0.0
2018,2,GOIÁS,GO,3532.8689999999997
2018,2,MARANHÃO,MA,743.5970000000001
2018,2,MINAS GERAIS,MG,251.616
2018,2,MATO GROSSO DO SUL,MS,3662.449
2018,2,MATO GROSSO,MT,15612.804999999998
2018,2,PARÁ,PA,0.0
2018,2,PARAÍBA,PB,0.0
2018,2,PERNAMBUCO,PE,0.0
2018,2,PIAUÍ,PI,26.430000000000003
2018,2,PARANÁ,PR,5500.815
2018,2,RIO DE JANEIRO,RJ,0.0
2018,2,RIO GRANDE DO NORTE,RN,0.0
2018,2,RONDÔNIA,RO,471.806
2018,2,RORAIMA,RR,0.0
2018,2,RIO GRANDE DO SUL,RS,475.26
2018,2,SANTA CATARINA,SC,354.792
2018,2,SERGIPE,SE,0.0
2018,2,SÃO PAULO,SP,407.24699999999996
2018,2,TOCANTINS,TO,314.21500000000003
2018,3,ACRE,AC,0.36700000000000005
2018,3,ALAGOAS,AL,0.0
2018,3,AMAZONAS,AM,0.8440000000000001
2018,3,AMAPÁ,AP,14.564
2018,3,BAHIA,BA,1990.6639999999998
2018,3,CEARÁ,CE,0.0
2018,3,DISTRITO FEDERAL,DF,63.278
2018,3,ESPÍRITO SANTO,ES,0.0
2018,3,GOIÁS,GO,6274.027000000001
2018,3,MARANHÃO,MA,1261.99
2018,3,MINAS GERAIS,MG,4370.861
2018,3,MATO GROSSO DO SUL,MS,5238.995
2018,3,MATO GROSSO,MT,9480.683
2018,3,PARÁ,PA,412.2
2018,3,PARAÍBA,PB,0.0
2018,3,PERNAMBUCO,PE,0.0
2018,3,PIAUÍ,PI,607.903
2018,3,PARANÁ,PR,10384.546999999999
2018,3,RIO DE JANEIRO,RJ,0.0
2018,3,RIO GRANDE DO NORTE,RN,0.0
2018,3,RONDÔNIA,RO,430.916
2018,3,RORAIMA,RR,29.385
2018,3,RIO GRANDE DO SUL,RS,4441.934
2018,3,SANTA CATARINA,SC,949.55
2018,3,SERGIPE,SE,1.375
2018,3,SÃO PAULO,SP,2704.1609999999996
2018,3,TOCANTINS,TO,1660.855
2018,4,ACRE,AC,0.36700000000000005
2018,4,ALAGOAS,AL,0.0
2018,4,AMAZONAS,AM,0.8440000000000001
2018,4,AMAPÁ,AP,14.564
2018,4,BAHIA,BA,3721.273
2018,4,CEARÁ,CE,0.0
2018,4,DISTRITO FEDERAL,DF,63.278
2018,4,ESPÍRITO SANTO,ES,0.0
2018,4,GOIÁS,GO,1753.724
2018,4,MARANHÃO,MA,738.7819999999999
2018,4,MINAS GERAIS,MG,829.7280000000001
2018,4,MATO GROSSO DO SUL,MS,442.951
2018,4,MATO GROSSO,MT,1278.271
2018,4,PARÁ,PA,412.2
2018,4,PARAÍBA,PB,0.0
2018,4,PERNAMBUCO,PE,0.0
2018,4,PIAUÍ,PI,1568.2160000000001
2018,4,PARANÁ,PR,3081.873
2018,4,RIO DE JANEIRO,RJ,0.0
2018,4,RIO GRANDE DO NORTE,RN,0.0
2018,4,RONDÔNIA,RO,9.436
2018,4,RORAIMA,RR,29.385
2018,4,RIO GRANDE DO SUL,RS,11768.7
2018,4,SANTA CATARINA,SC,804.558
2018,4,SERGIPE,SE,1.375
2018,4,SÃO PAULO,SP,296.722
2018,4,TOCANTINS,TO,978.558
2018,5,ACRE,AC,0.36700000000000005
2018,5,ALAGOAS,AL,0.0
2018,5,AMAZONAS,AM,0.8440000000000001
2018,5,AMAPÁ,AP,14.564
2018,5,BAHIA,BA,563.351
2018,5,CEARÁ,CE,0.0
2018,5,DISTRITO FEDERAL,DF,63.278
2018,5,ESPÍRITO SANTO,ES,0.0
2018,5,GOIÁS,GO,45.449000000000005
2018,5,MARANHÃO,MA,230.019
2018,5,MINAS GERAIS,MG,19.146
2018,5,MATO GROSSO DO SUL,MS,5.289
2018,5,MATO GROSSO,MT,14.222999999999999
2018,5,PARÁ,PA,412.2
2018,5,PARAÍBA,PB,0.0
2018,5,PERNAMBUCO,PE,0.0
2018,5,PIAUÍ,PI,440.51
2018,5,PARANÁ,PR,199.30900000000003
2018,5,RIO DE JANEIRO,RJ,0.0
2018,5,RIO GRANDE DO NORTE,RN,0.0
2018,5,RONDÔNIA,RO,0.0
2018,5,RORAIMA,RR,29.385
2018,5,RIO GRANDE DO SUL,RS,1670.891
2018,5,SANTA CATARINA,SC,188.075
2018,5,SERGIPE,SE,1.375
2018,5,SÃO PAULO,SP,0.0
2018,5,TOCANTINS,TO,188.529
2018,6,ACRE,AC,0.36700000000000005
2018,6,ALAGOAS,AL,0.0
2018,6,AMAZONAS,AM,0.8440000000000001
2018,6,AMAPÁ,AP,14.564
2018,6,BAHIA,BA,0.0
2018,6,CEARÁ,CE,0.0
2018,6,DISTRITO FEDERAL,DF,63.278
2018,6,ESPÍRITO SANTO,ES,0.0
2018,6,GOIÁS,GO,0.0
2018,6,MARANHÃO,MA,0.0
2018,6,MINAS GERAIS,MG,0.0
2018,6,MATO GROSSO DO SUL,MS,0.0
2018,6,MATO GROSSO,MT,0.0
2018,6,PARÁ,PA,412.2
2018,6,PARAÍBA,PB,0.0
2018,6,PERNAMBUCO,PE,0.0
2018,6,PIAUÍ,PI,0.0
2018,6,PARANÁ,PR,0.0
2018,6,RIO DE JANEIRO,RJ,0.0
2018,6,RIO GRANDE DO NORTE,RN,0.0
2018,6,RONDÔNIA,RO,0.0
2018,6,RORAIMA,RR,29.385
2018,6,RIO GRANDE DO SUL,RS,167.248
2018,6,SANTA CATARINA,SC,0.0
2018,6,SERGIPE,SE,1.375
2018,6,SÃO PAULO,SP,0.0
2018,6,TOCANTINS,TO,0.0
2018,7,ACRE,AC,0.0
2018,7,ALAGOAS,AL,0.0
2018,7,AMAZONAS,AM,0.0
2018,7,AMAPÁ,AP,0.0
2018,7,BAHIA,BA,0.0
2018,7,CEARÁ,CE,0.0
2018,7,DISTRITO FEDERAL,DF,0.0
2018,7,ESPÍRITO SANTO,ES,0.0
2018,7,GOIÁS,GO,0.0
2018,7,MARANHÃO,MA,0.0
2018,7,MINAS GERAIS,MG,0.0
2018,7,MATO GROSSO DO SUL,MS,0.0
2018,7,MATO GROSSO,MT,0.0
2018,7,PARÁ,PA,0.0
2018,7,PARAÍBA,PB,0.0
2018,7,PERNAMBUCO,PE,0.0
2018,7,PIAUÍ,PI,0.0
2018,7,PARANÁ,PR,0.0
2018,7,RIO DE JANEIRO,RJ,0.0
2018,7,RIO GRANDE DO NORTE,RN,0.0
2018,7,RONDÔNIA,RO,0.0
2018,7,RORAIMA,RR,0.0
2018,7,RIO GRANDE DO SUL,RS,0.0
2018,7,SANTA CATARINA,SC,0.0
2018,7,SERGIPE,SE,0.0
2018,7,SÃO PAULO,SP,0.0
2018,7,TOCANTINS,TO,0.0
2018,8,ACRE,AC,0.0
2018,8,ALAGOAS,AL,0.0
2018,8,AMAZONAS,AM,0.0
2018,8,AMAPÁ,AP,0.0
2018,8,BAHIA,BA,0.0
2018,8,CEARÁ,CE,0.0
2018,8,DISTRITO FEDERAL,DF,0.0
2018,8,ESPÍRITO SANTO,ES,0.0
2018,8,GOIÁS,GO,0.0
2018,8,MARANHÃO,MA,0.0
2018,8,MINAS GERAIS,MG,0.0
2018,8,MATO GROSSO DO SUL,MS,0.0
2018,8,MATO GROSSO,MT,0.0
2018,8,PARÁ,PA,0.0
2018,8,PARAÍBA,PB,0.0
2018,8,PERNAMBUCO,PE,0.0
2018,8,PIAUÍ,PI,0.0
2018,8,PARANÁ,PR,0.0
2018,8,RIO DE JANEIRO,RJ,0.0
2018,8,RIO GRANDE DO NORTE,RN,0.0
2018,8,RONDÔNIA,RO,0.0
2018,8,RORAIMA,RR,0.0
2018,8,RIO GRANDE DO SUL,RS,0.0
2018,8,SANTA CATARINA,SC,0.0
2018,8,SERGIPE,SE,0.0
2018,8,SÃO PAULO,SP,0.0
2018,8,TOCANTINS,TO,0.0
2018,9,ACRE,AC,0.0
2018,9,ALAGOAS,AL,0.0
2018,9,AMAZONAS,AM,0.0
2018,9,AMAPÁ,AP,0.0
2018,9,BAHIA,BA,0.0
2018,9,CEARÁ,CE,0.0
2018,9,DISTRITO FEDERAL,DF,0.0
2018,9,ESPÍRITO SANTO,ES,0.0
2018,9,GOIÁS,GO,0.0
2018,9,MARANHÃO,MA,0.0
2018,9,MINAS GERAIS,MG,0.0
2018,9,MATO GROSSO DO SUL,MS,0.0
2018,9,MATO GROSSO,MT,0.0
2018,9,PARÁ,PA,0.0
2018,9,PARAÍBA,PB,0.0
2018,9,PERNAMBUCO,PE,0.0
2018,9,PIAUÍ,PI,0.0
2018,9,PARANÁ,PR,0.0
2018,9,RIO DE JANEIRO,RJ,0.0
2018,9,RIO GRANDE DO NORTE,RN,0.0
2018,9,RONDÔNIA,RO,0.0
2018,9,RORAIMA,RR,0.0
2018,9,RIO GRANDE DO SUL,RS,0.0
2018,9,SANTA CATARINA,SC,0.0
2018,9,SERGIPE,SE,0.0
2018,9,SÃO PAULO,SP,0.0
2018,9,TOCANTINS,TO,0.0
2018,10,ACRE,AC,0.0
2018,10,ALAGOAS,AL,0.0
2018,10,AMAZONAS,AM,0.0
2018,10,AMAPÁ,AP,0.0
2018,10,BAHIA,BA,0.0
2018,10,CEARÁ,CE,0.0
2018,10,DISTRITO FEDERAL,DF,0.0
2018,10,ESPÍRITO SANTO,ES,0.0
2018,10,GOIÁS,GO,0.0
2018,10,MARANHÃO,MA,0.0
2018,10,MINAS GERAIS,MG,0.0
2018,10,MATO GROSSO DO SUL,MS,0.0
2018,10,MATO GROSSO,MT,0.0
2018,10,PARÁ,PA,0.0
2018,10,PARAÍBA,PB,0.0
2018,10,PERNAMBUCO,PE,0.0
2018,10,PIAUÍ,PI,0.0
2018,10,PARANÁ,PR,0.0
2018,10,RIO DE JANEIRO,RJ,0.0
2018,10,RIO GRANDE DO NORTE,RN,0.0
2018,10,RONDÔNIA,RO,0.0
2018,10,RORAIMA,RR,0.0
2018,10,RIO GRANDE DO SUL,RS,0.0
2018,10,SANTA CATARINA,SC,0.0
2018,10,SERGIPE,SE,0.0
2018,10,SÃO PAULO,SP,0.0
2018,10,TOCANTINS,TO,0.0
2018,11,ACRE,AC,0.0
2018,11,ALAGOAS,AL,0.0
2018,11,AMAZONAS,AM,0.0
2018,11,AMAPÁ,AP,0.0
2018,11,BAHIA,BA,0.0
2018,11,CEARÁ,CE,0.0
2018,11,DISTRITO FEDERAL,DF,0.0
2018,11,ESPÍRITO SANTO,ES,0.0
2018,11,GOIÁS,GO,0.0
2018,11,MARANHÃO,MA,0.0
2018,11,MINAS GERAIS,MG,0.0
2018,11,MATO GROSSO DO SUL,MS,0.0
2018,11,MATO GROSSO,MT,0.0
2018,11,PARÁ,PA,0.0
2018,11,PARAÍBA,PB,0.0
2018,11,PERNAMBUCO,PE,0.0
2018,11,PIAUÍ,PI,0.0
2018,11,PARANÁ,PR,0.0
2018,11,RIO DE JANEIRO,RJ,0.0
2018,11,RIO GRANDE DO NORTE,RN,0.0
2018,11,RONDÔNIA,RO,0.0
2018,11,RORAIMA,RR,0.0
2018,11,RIO GRANDE DO SUL,RS,0.0
2018,11,SANTA CATARINA,SC,0.0
2018,11,SERGIPE,SE,0.0
2018,11,SÃO PAULO,SP,0.0
2018,11,TOCANTINS,TO,0.0
2018,12,ACRE,AC,0.0
2018,12,ALAGOAS,AL,0.0
2018,12,AMAZONAS,AM,0.0
2018,12,AMAPÁ,AP,0.0
2018,12,BAHIA,BA,0.0
2018,12,CEARÁ,CE,0.0
2018,12,DISTRITO FEDERAL,DF,0.0
2018,12,ESPÍRITO SANTO,ES,0.0
2018,12,GOIÁS,GO,0.0
2018,12,MARANHÃO,MA,0.0
2018,12,MINAS GERAIS,MG,0.0
2018,12,MATO GROSSO DO SUL,MS,0.0
2018,12,MATO GROSSO,MT,0.0
2018,12,PARÁ,PA,0.0
2018,12,PARAÍBA,PB,0.0
2018,12,PERNAMBUCO,PE,0.0
2018,12,PIAUÍ,PI,0.0
2018,12,PARANÁ,PR,0.0
2018,12,RIO DE JANEIRO,RJ,0.0
2018,12,RIO GRANDE DO NORTE,RN,0.0
2018,12,RONDÔNIA,RO,0.0
2018,12,RORAIMA,RR,0.0
2018,12,RIO GRANDE DO SUL,RS,0.0
2018,12,SANTA CATARINA,SC,0.0
2018,12,SERGIPE,SE,0.0
2018,12,SÃO PAULO,SP,0.0
2018,12,TOCANTINS,TO,0.0
2019,1,ACRE,AC,0.0
2019,1,ALAGOAS,AL,0.0
2019,1,AMAZONAS,AM,0.0
2019,1,AMAPÁ,AP,0.0
2019,1,BAHIA,BA,0.0
2019,1,CEARÁ,CE,0.0
2019,1,DISTRITO FEDERAL,DF,0.0
2019,1,ESPÍRITO SANTO,ES,0.0
2019,1,GOIÁS,GO,1728.721
2019,1,MARANHÃO,MA,87.45100000000001
2019,1,MINAS GERAIS,MG,243.71999999999997
2019,1,MATO GROSSO DO SUL,MS,1905.0120000000002
2019,1,MATO GROSSO,MT,12526.045000000002
2019,1,PARÁ,PA,0.0
2019,1,PARAÍBA,PB,0.0
2019,1,PERNAMBUCO,PE,0.0
2019,1,PIAUÍ,PI,6.994000000000001
2019,1,PARANÁ,PR,3642.805
2019,1,RIO DE JANEIRO,RJ,0.0
2019,1,RIO GRANDE DO NORTE,RN,0.0
2019,1,RONDÔNIA,RO,270.716
2019,1,RORAIMA,RR,0.0
2019,1,RIO GRANDE DO SUL,RS,0.0
2019,1,SANTA CATARINA,SC,45.297
2019,1,SERGIPE,SE,0.0
2019,1,SÃO PAULO,SP,293.546
2019,1,TOCANTINS,TO,94.839
2019,2,ACRE,AC,0.0
2019,2,ALAGOAS,AL,0.0
2019,2,AMAZONAS,AM,0.0
2019,2,AMAPÁ,AP,0.0
2019,2,BAHIA,BA,576.048
2019,2,CEARÁ,CE,0.0
2019,2,DISTRITO FEDERAL,DF,0.0
2019,2,ESPÍRITO SANTO,ES,0.0
2019,2,GOIÁS,GO,5608.432000000001
2019,2,MARANHÃO,MA,1040.294
2019,2,MINAS GERAIS,MG,1737.709
2019,2,MATO GROSSO DO SUL,MS,4385.734
2019,2,MATO GROSSO,MT,16930.635000000002
2019,2,PARÁ,PA,0.0
2019,2,PARAÍBA,PB,0.0
2019,2,PERNAMBUCO,PE,0.0
2019,2,PIAUÍ,PI,98.45
2019,2,PARANÁ,PR,5186.116
2019,2,RIO DE JANEIRO,RJ,0.0
2019,2,RIO GRANDE DO NORTE,RN,0.0
2019,2,RONDÔNIA,RO,688.327
2019,2,RORAIMA,RR,0.0
2019,2,RIO GRANDE DO SUL,RS,409.11400000000003
2019,2,SANTA CATARINA,SC,551.368
2019,2,SERGIPE,SE,0.0
2019,2,SÃO PAULO,SP,1247.807
2019,2,TOCANTINS,TO,849.595
2019,3,ACRE,AC,0.263
2019,3,ALAGOAS,AL,0.0
2019,3,AMAZONAS,AM,0.858
2019,3,AMAPÁ,AP,15.54
2019,3,BAHIA,BA,1754.596
2019,3,CEARÁ,CE,0.0
2019,3,DISTRITO FEDERAL,DF,59.994
2019,3,ESPÍRITO SANTO,ES,0.0
2019,3,GOIÁS,GO,3777.1150000000002
2019,3,MARANHÃO,MA,975.2270000000001
2019,3,MINAS GERAIS,MG,2295.6220000000003
2019,3,MATO GROSSO DO SUL,MS,2169.36
2019,3,MATO GROSSO,MT,3402.2839999999997
2019,3,PARÁ,PA,440.706
2019,3,PARAÍBA,PB,0.0
2019,3,PERNAMBUCO,PE,0.0
2019,3,PIAUÍ,PI,653.38
2019,3,PARANÁ,PR,5282.5509999999995
2019,3,RIO DE JANEIRO,RJ,0.0
2019,3,RIO GRANDE DO NORTE,RN,0.0
2019,3,RONDÔNIA,RO,242.48
2019,3,RORAIMA,RR,30.115
2019,3,RIO GRANDE DO SUL,RS,7293.83
2019,3,SANTA CATARINA,SC,937.159
2019,3,SERGIPE,SE,1.375
2019,3,SÃO PAULO,SP,1638.7379999999998
2019,3,TOCANTINS,TO,1275.24
2019,4,ACRE,AC,0.263
2019,4,ALAGOAS,AL,0.0
2019,4,AMAZONAS,AM,0.858
2019,4,AMAPÁ,AP,15.54
2019,4,BAHIA,BA,2520.796
2019,4,CEARÁ,CE,0.0
2019,4,DISTRITO FEDERAL,DF,59.994
2019,4,ESPÍRITO SANTO,ES,0.0
2019,4,GOIÁS,GO,270.892
2019,4,MARANHÃO,MA,637.1379999999999
2019,4,MINAS GERAIS,MG,656.1320000000001
2019,4,MATO GROSSO DO SUL,MS,43.384
2019,4,MATO GROSSO,MT,54.918
2019,4,PARÁ,PA,440.706
2019,4,PARAÍBA,PB,0.0
2019,4,PERNAMBUCO,PE,0.0
2019,4,PIAUÍ,PI,1452.373
2019,4,PARANÁ,PR,2766.276
2019,4,RIO DE JANEIRO,RJ,0.0
2019,4,RIO GRANDE DO NORTE,RN,0.0
2019,4,RONDÔNIA,RO,29.005
2019,4,RORAIMA,RR,30.115
2019,4,RIO GRANDE DO SUL,RS,10118.775
2019,4,SANTA CATARINA,SC,717.1039999999999
2019,4,SERGIPE,SE,1.375
2019,4,SÃO PAULO,SP,111.505
2019,4,TOCANTINS,TO,783.5459999999999
2019,5,ACRE,AC,0.263
2019,5,ALAGOAS,AL,0.0
2019,5,AMAPÁ,AP,15.54
2019,5,AMAZONAS,AM,0.858
2019,5,BAHIA,BA,549.4010000000001
2019,5,CEARÁ,CE,0.0
2019,5,DISTRITO FEDERAL,DF,59.994
2019,5,ESPÍRITO SANTO,ES,0.0
2019,5,GOIÁS,GO,0.0
2019,5,MARANHÃO,MA,174.292
2019,5,MATO GROSSO,MT,0.0
2019,5,MATO GROSSO DO SUL,MS,0.0
2019,5,MINAS GERAIS,MG,163.29000000000002
2019,5,PARANÁ,PR,66.015
2019,5,PARAÍBA,PB,0.0
2019,5,PARÁ,PA,440.706
2019,5,PERNAMBUCO,PE,0.0
2019,5,PIAUÍ,PI,235.901
2019,5,RIO DE JANEIRO,RJ,0.0
2019,5,RIO GRANDE DO NORTE,RN,0.0
2019,5,RIO GRANDE DO SUL,RS,1994.599
2019,5,RONDÔNIA,RO,0.0
2019,5,RORAIMA,RR,30.115
2019,5,SANTA CATARINA,SC,225.82299999999998
2019,5,SERGIPE,SE,1.375
2019,5,SÃO PAULO,SP,0.0
2019,5,TOCANTINS,TO,131.103
2019,6,ACRE,AC,0.263
2019,6,ALAGOAS,AL,0.0
2019,6,AMAPÁ,AP,15.54
2019,6,AMAZONAS,AM,0.858
2019,6,BAHIA,BA,0.04
2019,6,CEARÁ,CE,0.0
2019,6,DISTRITO FEDERAL,DF,59.994
2019,6,ESPÍRITO SANTO,ES,0.0
2019,6,GOIÁS,GO,0.0
2019,6,MARANHÃO,MA,0.0
2019,6,MATO GROSSO,MT,0.0
2019,6,MATO GROSSO DO SUL,MS,0.0
2019,6,MINAS GERAIS,MG,1.432
2019,6,PARANÁ,PR,0.0
2019,6,PARAÍBA,PB,0.0
2019,6,PARÁ,PA,440.706
2019,6,PERNAMBUCO,PE,0.0
2019,6,PIAUÍ,PI,0.096
2019,6,RIO DE JANEIRO,RJ,0.0
2019,6,RIO GRANDE DO NORTE,RN,0.0
2019,6,RIO GRANDE DO SUL,RS,201.09799999999998
2019,6,RONDÔNIA,RO,0.0
2019,6,RORAIMA,RR,30.115
2019,6,SANTA CATARINA,SC,0.128
2019,6,SERGIPE,SE,1.375
2019,6,SÃO PAULO,SP,0.0
2019,6,TOCANTINS,TO,5.745000000000001
2019,7,ACRE,AC,0.0
2019,7,ALAGOAS,AL,0.0
2019,7,AMAPÁ,AP,0.0
2019,7,AMAZONAS,AM,0.0
2019,7,BAHIA,BA,0.04
2019,7,CEARÁ,CE,0.0
2019,7,DISTRITO FEDERAL,DF,0.0
2019,7,ESPÍRITO SANTO,ES,0.0
2019,7,GOIÁS,GO,0.0
2019,7,MARANHÃO,MA,0.10700000000000001
2019,7,MATO GROSSO,MT,0.0
2019,7,MATO GROSSO DO SUL,MS,0.0
2019,7,MINAS GERAIS,MG,1.581
2019,7,PARANÁ,PR,0.0
2019,7,PARAÍBA,PB,0.0
2019,7,PARÁ,PA,0.0
2019,7,PERNAMBUCO,PE,0.0
2019,7,PIAUÍ,PI,0.104
2019,7,RIO DE JANEIRO,RJ,0.0
2019,7,RIO GRANDE DO NORTE,RN,0.0
2019,7,RIO GRANDE DO SUL,RS,0.013000000000000001
2019,7,RONDÔNIA,RO,0.0
2019,7,RORAIMA,RR,0.0
2019,7,SANTA CATARINA,SC,0.125
2019,7,SERGIPE,SE,0.0
2019,7,SÃO PAULO,SP,0.0
2019,7,TOCANTINS,TO,5.803
2019,8,ACRE,AC,0.0
2019,8,ALAGOAS,AL,0.0
2019,8,AMAPÁ,AP,0.0
2019,8,AMAZONAS,AM,0.0
2019,8,BAHIA,BA,0.04
2019,8,CEARÁ,CE,0.0
2019,8,DISTRITO FEDERAL,DF,0.0
2019,8,ESPÍRITO SANTO,ES,0.0
2019,8,GOIÁS,GO,0.0
2019,8,MARANHÃO,MA,0.108
2019,8,MATO GROSSO,MT,0.0
2019,8,MATO GROSSO DO SUL,MS,0.0
2019,8,MINAS GERAIS,MG,1.6280000000000001
2019,8,PARANÁ,PR,0.0
2019,8,PARAÍBA,PB,0.0
2019,8,PARÁ,PA,0.0
2019,8,PERNAMBUCO,PE,0.0
2019,8,PIAUÍ,PI,0.1
2019,8,RIO DE JANEIRO,RJ,0.0
2019,8,RIO GRANDE DO NORTE,RN,0.0
2019,8,RIO GRANDE DO SUL,RS,0.001
2019,8,RONDÔNIA,RO,0.0
2019,8,RORAIMA,RR,0.0
2019,8,SANTA CATARINA,SC,0.11699999999999999
2019,8,SERGIPE,SE,0.0
2019,8,SÃO PAULO,SP,0.0
2019,8,TOCANTINS,TO,5.9350000000000005
2019,9,ACRE,AC,0.0
2019,9,ALAGOAS,AL,0.0
2019,9,AMAPÁ,AP,0.0
2019,9,AMAZONAS,AM,0.0
2019,9,BAHIA,BA,0.04
2019,9,CEARÁ,CE,0.0
2019,9,DISTRITO FEDERAL,DF,0.0
2019,9,ESPÍRITO SANTO,ES,0.0
2019,9,GOIÁS,GO,0.0
2019,9,MARANHÃO,MA,0.10700000000000001
2019,9,MATO GROSSO,MT,0.0
2019,9,MATO GROSSO DO SUL,MS,0.0
2019,9,MINAS GERAIS,MG,3.439
2019,9,PARANÁ,PR,0.012
2019,9,PARAÍBA,PB,0.0
2019,9,PARÁ,PA,0.0
2019,9,PERNAMBUCO,PE,0.0
2019,9,PIAUÍ,PI,0.097
2019,9,RIO DE JANEIRO,RJ,0.0
2019,9,RIO GRANDE DO NORTE,RN,0.0
2019,9,RIO GRANDE DO SUL,RS,0.0
2019,9,RONDÔNIA,RO,0.0
2019,9,RORAIMA,RR,0.0
2019,9,SANTA CATARINA,SC,0.094
2019,9,SERGIPE,SE,0.0
2019,9,SÃO PAULO,SP,0.0
2019,9,TOCANTINS,TO,5.574999999999999
2019,10,ACRE,AC,0.0
2019,10,ALAGOAS,AL,0.0
2019,10,AMAPÁ,AP,0.0
2019,10,AMAZONAS,AM,0.0
2019,10,BAHIA,BA,0.049999999999999996
2019,10,CEARÁ,CE,0.0
2019,10,DISTRITO FEDERAL,DF,0.0
2019,10,ESPÍRITO SANTO,ES,0.0
2019,10,GOIÁS,GO,0.0
2019,10,MARANHÃO,MA,0.14200000000000002
2019,10,MATO GROSSO,MT,0.0
2019,10,MATO GROSSO DO SUL,MS,0.0
2019,10,MINAS GERAIS,MG,2.565
2019,10,PARANÁ,PR,0.0
2019,10,PARAÍBA,PB,0.0
2019,10,PARÁ,PA,0.0
2019,10,PERNAMBUCO,PE,0.0
2019,10,PIAUÍ,PI,0.127
2019,10,RIO DE JANEIRO,RJ,0.0
2019,10,RIO GRANDE DO NORTE,RN,0.0
2019,10,RIO GRANDE DO SUL,RS,0.0
2019,10,RONDÔNIA,RO,0.0
2019,10,RORAIMA,RR,0.0
2019,10,SANTA CATARINA,SC,0.096
2019,10,SERGIPE,SE,0.0
2019,10,SÃO PAULO,SP,0.0
2019,10,TOCANTINS,TO,3.069
2019,11,ACRE,AC,0.0
2019,11,ALAGOAS,AL,0.0
2019,11,AMAPÁ,AP,0.0
2019,11,AMAZONAS,AM,0.0
2019,11,BAHIA,BA,0.043000000000000003
2019,11,CEARÁ,CE,0.0
2019,11,DISTRITO FEDERAL,DF,0.0
2019,11,ESPÍRITO SANTO,ES,0.0
2019,11,GOIÁS,GO,0.0
2019,11,MARANHÃO,MA,0.133
2019,11,MATO GROSSO,MT,0.0
2019,11,MATO GROSSO DO SUL,MS,0.0
2019,11,MINAS GERAIS,MG,1.662
2019,11,PARANÁ,PR,0.0
2019,11,PARAÍBA,PB,0.0
2019,11,PARÁ,PA,0.0
2019,11,PERNAMBUCO,PE,0.0
2019,11,PIAUÍ,PI,0.103
2019,11,RIO DE JANEIRO,RJ,0.0
2019,11,RIO GRANDE DO NORTE,RN,0.0
2019,11,RIO GRANDE DO SUL,RS,0.0
2019,11,RONDÔNIA,RO,0.0
2019,11,RORAIMA,RR,0.0
2019,11,SANTA CATARINA,SC,0.102
2019,11,SERGIPE,SE,0.0
2019,11,SÃO PAULO,SP,0.0
2019,11,TOCANTINS,TO,0.833
2019,12,ACRE,AC,0.0
2019,12,ALAGOAS,AL,0.0
2019,12,AMAPÁ,AP,0.0
2019,12,AMAZONAS,AM,0.0
2019,12,BAHIA,BA,0.10900000000000001
2019,12,CEARÁ,CE,0.0
2019,12,DISTRITO FEDERAL,DF,0.0
2019,12,ESPÍRITO SANTO,ES,0.0
2019,12,GOIÁS,GO,0.0
2019,12,MARANHÃO,MA,0.011000000000000001
2019,12,MATO GROSSO,MT,0.0
2019,12,MATO GROSSO DO SUL,MS,0.0
2019,12,MINAS GERAIS,MG,1.271
2019,12,PARANÁ,PR,0.0
2019,12,PARAÍBA,PB,0.0
2019,12,PARÁ,PA,0.0
2019,12,PERNAMBUCO,PE,0.0
2019,12,PIAUÍ,PI,0.097
2019,12,RIO DE JANEIRO,RJ,0.0
2019,12,RIO GRANDE DO NORTE,RN,0.0
2019,12,RIO GRANDE DO SUL,RS,0.069
2019,12,RONDÔNIA,RO,0.0
2019,12,RORAIMA,RR,0.0
2019,12,SANTA CATARINA,SC,0.10800000000000001
2019,12,SERGIPE,SE,0.0
2019,12,SÃO PAULO,SP,0.0
2019,12,TOCANTINS,TO,0.0
