Year,Month,UF,Zonas,Production,Conf,Low,High,Tipo,Tipo Ajustado
2012,1,BA,BA_OESTE NORTE,0.0,0,0,0,Calculada,Real / Calculada
2012,1,BA,BA_OESTE SUL,0.0,0,0,0,Calculada,Real / Calculada
2012,1,BA,BA_OUTROS,0.0,0,0,0,Calculada,Real / Calculada
2012,2,BA,BA_OESTE NORTE,76.56257989506443,0,0,0,Calculada,Real / Calculada
2012,2,BA,BA_OESTE SUL,14.3009489052192,0,0,0,Calculada,Real / Calculada
2012,2,BA,BA_OUTROS,23.30563359691037,0,0,0,Calculada,Real / Calculada
2012,3,BA,BA_OESTE NORTE,344.32733722492765,0,0,0,Calculada,Real / Calculada
2012,3,BA,BA_OESTE SUL,64.31611451799195,0,0,0,Calculada,Real / Calculada
2012,3,BA,BA_OUTROS,104.81317073905542,0,0,0,Calculada,Real / Calculada
2012,4,BA,BA_OESTE NORTE,702.1402494562268,0,0,0,Calculada,Real / Calculada
2012,4,BA,BA_OESTE SUL,131.15116869799562,0,0,0,Calculada,Real / Calculada
2012,4,BA,BA_OUTROS,213.73134774060756,0,0,0,Calculada,Real / Calculada
2012,5,BA,BA_OESTE NORTE,187.3624186779531,0,0,0,Calculada,Real / Calculada
2012,5,BA,BA_OESTE SUL,34.99699696567337,0,0,0,Calculada,Real / Calculada
2012,5,BA,BA_OUTROS,57.03308176819654,0,0,0,Calculada,Real / Calculada
2012,6,BA,BA_OESTE NORTE,6.560976760975816e-05,0,0,0,Calculada,Real / Calculada
2012,6,BA,BA_OESTE SUL,1.225509818969597e-05,0,0,0,Calculada,Real / Calculada
2012,6,BA,BA_OUTROS,1.997159978656927e-05,0,0,0,Calculada,Real / Calculada
2012,7,BA,BA_OESTE NORTE,4.455715483743944e-05,0,0,0,Calculada,Real / Calculada
2012,7,BA,BA_OESTE SUL,8.3227288783308e-06,0,0,0,Calculada,Real / Calculada
2012,7,BA,BA_OUTROS,1.3563188782110357e-05,0,0,0,Calculada,Real / Calculada
2012,8,BA,BA_OESTE NORTE,4.4298531603803656e-05,0,0,0,Calculada,Real / Calculada
2012,8,BA,BA_OESTE SUL,8.274421236986987e-06,0,0,0,Calculada,Real / Calculada
2012,8,BA,BA_OUTROS,1.3484463922903357e-05,0,0,0,Calculada,Real / Calculada
2012,9,BA,BA_OESTE NORTE,4.6374666488265876e-05,0,0,0,Calculada,Real / Calculada
2012,9,BA,BA_OESTE SUL,8.662217715942255e-06,0,0,0,Calculada,Real / Calculada
2012,9,BA,BA_OUTROS,1.411643895537166e-05,0,0,0,Calculada,Real / Calculada
2012,10,BA,BA_OESTE NORTE,4.71529427693723e-05,0,0,0,Calculada,Real / Calculada
2012,10,BA,BA_OESTE SUL,8.807590159575969e-06,0,0,0,Calculada,Real / Calculada
2012,10,BA,BA_OUTROS,1.4353346095511036e-05,0,0,0,Calculada,Real / Calculada
2012,11,BA,BA_OESTE NORTE,5.7924099411478076e-05,0,0,0,Calculada,Real / Calculada
2012,11,BA,BA_OESTE SUL,1.0819509833651595e-05,0,0,0,Calculada,Real / Calculada
2012,11,BA,BA_OUTROS,1.7632083965367316e-05,0,0,0,Calculada,Real / Calculada
2012,12,BA,BA_OESTE NORTE,6.41329973227244e-05,0,0,0,Calculada,Real / Calculada
2012,12,BA,BA_OESTE SUL,1.1979255650840024e-05,0,0,0,Calculada,Real / Calculada
2012,12,BA,BA_OUTROS,1.9522071214470675e-05,0,0,0,Calculada,Real / Calculada
2013,1,BA,BA_OESTE NORTE,0.03961128670579155,0,0,0,Calculada,Real / Calculada
2013,1,BA,BA_OESTE SUL,0.007398901500261896,0,0,0,Calculada,Real / Calculada
2013,1,BA,BA_OUTROS,0.012057667538536748,0,0,0,Calculada,Real / Calculada
2013,2,BA,BA_OESTE NORTE,19.320693922768566,0,0,0,Calculada,Real / Calculada
2013,2,BA,BA_OESTE SUL,3.6088681570238488,0,0,0,Calculada,Real / Calculada
2013,2,BA,BA_OUTROS,5.881215262328486,0,0,0,Calculada,Real / Calculada
2013,3,BA,BA_OESTE NORTE,193.80788080229135,0,0,0,Calculada,Real / Calculada
2013,3,BA,BA_OESTE SUL,36.20093007029213,0,0,0,Calculada,Real / Calculada
2013,3,BA,BA_OUTROS,58.99507911518347,0,0,0,Calculada,Real / Calculada
2013,4,BA,BA_OESTE NORTE,658.3660667450657,0,0,0,Calculada,Real / Calculada
2013,4,BA,BA_OESTE SUL,122.97468938946072,0,0,0,Calculada,Real / Calculada
2013,4,BA,BA_OUTROS,200.40649551294257,0,0,0,Calculada,Real / Calculada
2013,5,BA,BA_OESTE NORTE,66.57116832792018,0,0,0,Calculada,Real / Calculada
2013,5,BA,BA_OESTE SUL,12.434676027416696,0,0,0,Calculada,Real / Calculada
2013,5,BA,BA_OUTROS,20.26424996774132,0,0,0,Calculada,Real / Calculada
2013,6,BA,BA_OESTE NORTE,0.07164989808816224,0,0,0,Calculada,Real / Calculada
2013,6,BA,BA_OESTE SUL,0.013383320324724656,0,0,0,Calculada,Real / Calculada
2013,6,BA,BA_OUTROS,0.021810214263774094,0,0,0,Calculada,Real / Calculada
2013,7,BA,BA_OESTE NORTE,0.003472188601269447,0,0,0,Calculada,Real / Calculada
2013,7,BA,BA_OESTE SUL,0.000648562154568147,0,0,0,Calculada,Real / Calculada
2013,7,BA,BA_OUTROS,0.001056933497166166,0,0,0,Calculada,Real / Calculada
2013,8,BA,BA_OESTE NORTE,0.08417985932833849,0,0,0,Calculada,Real / Calculada
2013,8,BA,BA_OESTE SUL,0.015723763080516494,0,0,0,Calculada,Real / Calculada
2013,8,BA,BA_OUTROS,0.02562433189208903,0,0,0,Calculada,Real / Calculada
2013,9,BA,BA_OESTE NORTE,0.050637808656999246,0,0,0,Calculada,Real / Calculada
2013,9,BA,BA_OESTE SUL,0.009458520275421073,0,0,0,Calculada,Real / Calculada
2013,9,BA,BA_OUTROS,0.015414138556040976,0,0,0,Calculada,Real / Calculada
2013,10,BA,BA_OESTE NORTE,0.022203234893770515,0,0,0,Calculada,Real / Calculada
2013,10,BA,BA_OESTE SUL,0.004147291381528555,0,0,0,Calculada,Real / Calculada
2013,10,BA,BA_OUTROS,0.006758660141933233,0,0,0,Calculada,Real / Calculada
2013,11,BA,BA_OESTE NORTE,0.10377643206554413,0,0,0,Calculada,Real / Calculada
2013,11,BA,BA_OESTE SUL,0.019384162009292088,0,0,0,Calculada,Real / Calculada
2013,11,BA,BA_OUTROS,0.03158952460887677,0,0,0,Calculada,Real / Calculada
2013,12,BA,BA_OESTE NORTE,0.0,0,0,0,Calculada,Real / Calculada
2013,12,BA,BA_OESTE SUL,0.0,0,0,0,Calculada,Real / Calculada
2013,12,BA,BA_OUTROS,0.0,0,0,0,Calculada,Real / Calculada
2014,1,BA,BA_OESTE NORTE,0.19536556720864634,0,0,0,Calculada,Real / Calculada
2014,1,BA,BA_OESTE SUL,0.0364918867457094,0,0,0,Calculada,Real / Calculada
2014,1,BA,BA_OUTROS,0.05946923853738624,0,0,0,Calculada,Real / Calculada
2014,2,BA,BA_OESTE NORTE,12.05159629496199,0,0,0,Calculada,Real / Calculada
2014,2,BA,BA_OESTE SUL,2.2510900635375646,0,0,0,Calculada,Real / Calculada
2014,2,BA,BA_OUTROS,3.6685034372303438,0,0,0,Calculada,Real / Calculada
2014,3,BA,BA_OESTE NORTE,401.4384554916158,0,0,0,Calculada,Real / Calculada
2014,3,BA,BA_OESTE SUL,74.98376946602602,0,0,0,Calculada,Real / Calculada
2014,3,BA,BA_OUTROS,122.1977834109052,0,0,0,Calculada,Real / Calculada
2014,4,BA,BA_OESTE NORTE,1178.2582049284963,0,0,0,Calculada,Real / Calculada
2014,4,BA,BA_OESTE SUL,220.0841508858815,0,0,0,Calculada,Real / Calculada
2014,4,BA,BA_OUTROS,358.6615556091921,0,0,0,Calculada,Real / Calculada
2014,5,BA,BA_OESTE NORTE,68.1135864868553,0,0,0,Calculada,Real / Calculada
2014,5,BA,BA_OESTE SUL,12.722780781875674,0,0,0,Calculada,Real / Calculada
2014,5,BA,BA_OUTROS,20.73376173856503,0,0,0,Calculada,Real / Calculada
2014,6,BA,BA_OESTE NORTE,0.0,0,0,0,Calculada,Real / Calculada
2014,6,BA,BA_OESTE SUL,0.0,0,0,0,Calculada,Real / Calculada
2014,6,BA,BA_OUTROS,0.0,0,0,0,Calculada,Real / Calculada
2014,7,BA,BA_OESTE NORTE,0.43577056109800344,0,0,0,Calculada,Real / Calculada
2014,7,BA,BA_OESTE SUL,0.08139658482254185,0,0,0,Calculada,Real / Calculada
2014,7,BA,BA_OUTROS,0.13264846930693366,0,0,0,Calculada,Real / Calculada
2014,8,BA,BA_OESTE NORTE,0.0,0,0,0,Calculada,Real / Calculada
2014,8,BA,BA_OESTE SUL,0.0,0,0,0,Calculada,Real / Calculada
2014,8,BA,BA_OUTROS,0.0,0,0,0,Calculada,Real / Calculada
2014,9,BA,BA_OESTE NORTE,0.44589152163003626,0,0,0,Calculada,Real / Calculada
2014,9,BA,BA_OESTE SUL,0.08328705585471864,0,0,0,Calculada,Real / Calculada
2014,9,BA,BA_OUTROS,0.1357292876144102,0,0,0,Calculada,Real / Calculada
2014,10,BA,BA_OESTE NORTE,0.0,0,0,0,Calculada,Real / Calculada
2014,10,BA,BA_OESTE SUL,0.0,0,0,0,Calculada,Real / Calculada
2014,10,BA,BA_OUTROS,0.0,0,0,0,Calculada,Real / Calculada
2014,11,BA,BA_OESTE NORTE,0.47191331086633026,0,0,0,Calculada,Real / Calculada
2014,11,BA,BA_OESTE SUL,0.08814760625415226,0,0,0,Calculada,Real / Calculada
2014,11,BA,BA_OUTROS,0.1436503149140165,0,0,0,Calculada,Real / Calculada
2014,12,BA,BA_OESTE NORTE,0.0,0,0,0,Calculada,Real / Calculada
2014,12,BA,BA_OESTE SUL,0.0,0,0,0,Calculada,Real / Calculada
2014,12,BA,BA_OUTROS,0.0,0,0,0,Calculada,Real / Calculada
2015,1,BA,BA_OESTE NORTE,0.3590616152233243,0,0,0,Calculada,Real / Calculada
2015,1,BA,BA_OESTE SUL,0.0670682965512929,0,0,0,Calculada,Real / Calculada
2015,1,BA,BA_OUTROS,0.10929828193588678,0,0,0,Calculada,Real / Calculada
2015,2,BA,BA_OESTE NORTE,0.8132281985741873,0,0,0,Calculada,Real / Calculada
2015,2,BA,BA_OESTE SUL,0.1519010322279203,0,0,0,Calculada,Real / Calculada
2015,2,BA,BA_OUTROS,0.2475464966387223,0,0,0,Calculada,Real / Calculada
2015,3,BA,BA_OESTE NORTE,1137.0619043896302,0,0,0,Calculada,Real / Calculada
2015,3,BA,BA_OESTE SUL,212.3891882827684,0,0,0,Calculada,Real / Calculada
2015,3,BA,BA_OUTROS,346.12141018537113,0,0,0,Calculada,Real / Calculada
2015,4,BA,BA_OESTE NORTE,387.6362607560673,0,0,0,Calculada,Real / Calculada
2015,4,BA,BA_OESTE SUL,72.40568913012959,0,0,0,Calculada,Real / Calculada
2015,4,BA,BA_OUTROS,117.99639816786907,0,0,0,Calculada,Real / Calculada
2015,5,BA,BA_OESTE NORTE,24.44764317574559,0,0,0,Calculada,Real / Calculada
2015,5,BA,BA_OESTE SUL,4.566519262916151,0,0,0,Calculada,Real / Calculada
2015,5,BA,BA_OUTROS,7.441857562047262,0,0,0,Calculada,Real / Calculada
2015,6,BA,BA_OESTE NORTE,0.544907812851678,0,0,0,Calculada,Real / Calculada
2015,6,BA,BA_OESTE SUL,0.10178208206054647,0,0,0,Calculada,Real / Calculada
2015,6,BA,BA_OUTROS,0.1658698263279615,0,0,0,Calculada,Real / Calculada
2015,7,BA,BA_OESTE NORTE,0.6454843639010113,0,0,0,Calculada,Real / Calculada
2015,7,BA,BA_OESTE SUL,0.12056854562526768,0,0,0,Calculada,Real / Calculada
2015,7,BA,BA_OUTROS,0.19648530781264192,0,0,0,Calculada,Real / Calculada
2015,8,BA,BA_OESTE NORTE,0.0001292285387480582,0,0,0,Calculada,Real / Calculada
2015,8,BA,BA_OESTE SUL,2.4138302709562384e-05,0,0,0,Calculada,Real / Calculada
2015,8,BA,BA_OUTROS,3.9337140656104385e-05,0,0,0,Calculada,Real / Calculada
2015,9,BA,BA_OESTE NORTE,0.7822098428668994,0,0,0,Calculada,Real / Calculada
2015,9,BA,BA_OESTE SUL,0.14610718462375363,0,0,0,Calculada,Real / Calculada
2015,9,BA,BA_OUTROS,0.23810451553145703,0,0,0,Calculada,Real / Calculada
2015,10,BA,BA_OESTE NORTE,0.05043761904620085,0,0,0,Calculada,Real / Calculada
2015,10,BA,BA_OESTE SUL,0.009421127316624393,0,0,0,Calculada,Real / Calculada
2015,10,BA,BA_OUTROS,0.015353200879625552,0,0,0,Calculada,Real / Calculada
2015,11,BA,BA_OESTE NORTE,0.6792814669912385,0,0,0,Calculada,Real / Calculada
2015,11,BA,BA_OESTE SUL,0.12688142908740038,0,0,0,Calculada,Real / Calculada
2015,11,BA,BA_OUTROS,0.20677313905262107,0,0,0,Calculada,Real / Calculada
2015,12,BA,BA_OESTE NORTE,0.033640972859829275,0,0,0,Calculada,Real / Calculada
2015,12,BA,BA_OESTE SUL,0.006283720254067589,0,0,0,Calculada,Real / Calculada
2015,12,BA,BA_OUTROS,0.010240305229909432,0,0,0,Calculada,Real / Calculada
2016,1,BA,BA_OESTE NORTE,0.3534907191625141,0,0,0,Calculada,Real / Calculada
2016,1,BA,BA_OESTE SUL,0.22317413182521373,0,0,0,Calculada,Real / Calculada
2016,1,BA,BA_OUTROS,0.17731328236008417,0,0,0,Calculada,Real / Calculada
2016,2,BA,BA_OESTE NORTE,0.4488011637799304,0,0,0,Calculada,Real / Calculada
2016,2,BA,BA_OESTE SUL,0.28334777876497375,0,0,0,Calculada,Real / Calculada
2016,2,BA,BA_OUTROS,0.2251216316665438,0,0,0,Calculada,Real / Calculada
2016,3,BA,BA_OESTE NORTE,339.18161941789646,0,0,0,Calculada,Real / Calculada
2016,3,BA,BA_OESTE SUL,214.14017212106293,0,0,0,Calculada,Real / Calculada
2016,3,BA,BA_OUTROS,170.13574330234854,0,0,0,Calculada,Real / Calculada
2016,4,BA,BA_OESTE NORTE,225.32989117436455,0,0,0,Calculada,Real / Calculada
2016,4,BA,BA_OESTE SUL,142.26060292686026,0,0,0,Calculada,Real / Calculada
2016,4,BA,BA_OUTROS,113.02696351583324,0,0,0,Calculada,Real / Calculada
2016,5,BA,BA_OESTE NORTE,8.70825170606245,0,0,0,Calculada,Real / Calculada
2016,5,BA,BA_OESTE SUL,5.497899686929085,0,0,0,Calculada,Real / Calculada
2016,5,BA,BA_OUTROS,4.368116643282663,0,0,0,Calculada,Real / Calculada
2016,6,BA,BA_OESTE NORTE,2.2704817494544214,0,0,0,Calculada,Real / Calculada
2016,6,BA,BA_OESTE SUL,1.4334543052784545,0,0,0,Calculada,Real / Calculada
2016,6,BA,BA_OUTROS,1.138888660183874,0,0,0,Calculada,Real / Calculada
2016,7,BA,BA_OESTE NORTE,0.028224393273756716,0,0,0,Calculada,Real / Calculada
2016,7,BA,BA_OESTE SUL,0.017819292342631972,0,0,0,Calculada,Real / Calculada
2016,7,BA,BA_OUTROS,0.014157542313553314,0,0,0,Calculada,Real / Calculada
2016,8,BA,BA_OESTE NORTE,0.15012769626004438,0,0,0,Calculada,Real / Calculada
2016,8,BA,BA_OESTE SUL,0.0947821723725407,0,0,0,Calculada,Real / Calculada
2016,8,BA,BA_OUTROS,0.07530504523596296,0,0,0,Calculada,Real / Calculada
2016,9,BA,BA_OESTE NORTE,0.0,0,0,0,Calculada,Real / Calculada
2016,9,BA,BA_OESTE SUL,0.0,0,0,0,Calculada,Real / Calculada
2016,9,BA,BA_OUTROS,0.0,0,0,0,Calculada,Real / Calculada
2016,10,BA,BA_OESTE NORTE,0.1176445422779045,0,0,0,Calculada,Real / Calculada
2016,10,BA,BA_OESTE SUL,0.07427413836790264,0,0,0,Calculada,Real / Calculada
2016,10,BA,BA_OUTROS,0.05901128038797187,0,0,0,Calculada,Real / Calculada
2016,11,BA,BA_OESTE NORTE,0.0,0,0,0,Calculada,Real / Calculada
2016,11,BA,BA_OESTE SUL,0.0,0,0,0,Calculada,Real / Calculada
2016,11,BA,BA_OUTROS,0.0,0,0,0,Calculada,Real / Calculada
2016,12,BA,BA_OESTE NORTE,0.11351412207697427,0,0,0,Calculada,Real / Calculada
2016,12,BA,BA_OESTE SUL,0.0716664236742896,0,0,0,Calculada,Real / Calculada
2016,12,BA,BA_OUTROS,0.0569394343007861,0,0,0,Calculada,Real / Calculada
2017,1,BA,BA_OESTE NORTE,0.0,0,0,0,Calculada,Real / Calculada
2017,1,BA,BA_OESTE SUL,0.0,0,0,0,Calculada,Real / Calculada
2017,1,BA,BA_OUTROS,0.0,0,0,0,Calculada,Real / Calculada
2017,2,BA,BA_OESTE NORTE,2.247852141337943,0,0,0,Calculada,Real / Calculada
2017,2,BA,BA_OESTE SUL,1.38370721493694,0,0,0,Calculada,Real / Calculada
2017,2,BA,BA_OUTROS,1.5466392018721757,0,0,0,Calculada,Real / Calculada
2017,3,BA,BA_OESTE NORTE,302.74830044712616,0,0,0,Calculada,Real / Calculada
2017,3,BA,BA_OESTE SUL,186.36235005619307,0,0,0,Calculada,Real / Calculada
2017,3,BA,BA_OUTROS,208.30657904972279,0,0,0,Calculada,Real / Calculada
2017,4,BA,BA_OESTE NORTE,129.67520431674726,0,0,0,Calculada,Real / Calculada
2017,4,BA,BA_OESTE SUL,79.82398508858553,0,0,0,Calculada,Real / Calculada
2017,4,BA,BA_OUTROS,89.2232860065652,0,0,0,Calculada,Real / Calculada
2017,5,BA,BA_OESTE NORTE,191.54751659513906,0,0,0,Calculada,Real / Calculada
2017,5,BA,BA_OESTE SUL,117.91063826742156,0,0,0,Calculada,Real / Calculada
2017,5,BA,BA_OUTROS,131.79465532415733,0,0,0,Calculada,Real / Calculada
2017,6,BA,BA_OESTE NORTE,12.655481264755409,0,0,0,Calculada,Real / Calculada
2017,6,BA,BA_OESTE SUL,7.790316993055571,0,0,0,Calculada,Real / Calculada
2017,6,BA,BA_OUTROS,8.707629422182219,0,0,0,Calculada,Real / Calculada
2017,7,BA,BA_OESTE NORTE,0.7542294373481414,0,0,0,Calculada,Real / Calculada
2017,7,BA,BA_OESTE SUL,0.4642799652984613,0,0,0,Calculada,Real / Calculada
2017,7,BA,BA_OUTROS,0.5189490863550773,0,0,0,Calculada,Real / Calculada
2017,8,BA,BA_OESTE NORTE,0.0,0,0,0,Calculada,Real / Calculada
2017,8,BA,BA_OESTE SUL,0.0,0,0,0,Calculada,Real / Calculada
2017,8,BA,BA_OUTROS,0.0,0,0,0,Calculada,Real / Calculada
2017,9,BA,BA_OESTE NORTE,0.3896474998148141,0,0,0,Calculada,Real / Calculada
2017,9,BA,BA_OESTE SUL,0.23985476929767555,0,0,0,Calculada,Real / Calculada
2017,9,BA,BA_OUTROS,0.26809774853179325,0,0,0,Calculada,Real / Calculada
2017,10,BA,BA_OESTE NORTE,0.0,0,0,0,Calculada,Real / Calculada
2017,10,BA,BA_OESTE SUL,0.0,0,0,0,Calculada,Real / Calculada
2017,10,BA,BA_OUTROS,0.0,0,0,0,Calculada,Real / Calculada
2017,11,BA,BA_OESTE NORTE,0.3976349634185058,0,0,0,Calculada,Real / Calculada
2017,11,BA,BA_OESTE SUL,0.2447716011542833,0,0,0,Calculada,Real / Calculada
2017,11,BA,BA_OUTROS,0.27359353898251376,0,0,0,Calculada,Real / Calculada
2017,12,BA,BA_OESTE NORTE,0.0,0,0,0,Calculada,Real / Calculada
2017,12,BA,BA_OESTE SUL,0.0,0,0,0,Calculada,Real / Calculada
2017,12,BA,BA_OUTROS,0.0,0,0,0,Calculada,Real / Calculada
2018,1,BA,BA_OESTE NORTE,0.2856860760144803,0,0,0,Calculada,Real / Calculada
2018,1,BA,BA_OESTE SUL,0.16367479424135228,0,0,0,Calculada,Real / Calculada
2018,1,BA,BA_OUTROS,0.22282997939131344,0,0,0,Calculada,Real / Calculada
2018,2,BA,BA_OESTE NORTE,1.4739835305738396,0,0,0,Calculada,Real / Calculada
2018,2,BA,BA_OESTE SUL,0.8444722068624267,0,0,0,Calculada,Real / Calculada
2018,2,BA,BA_OUTROS,1.1496805315925036,0,0,0,Calculada,Real / Calculada
2018,3,BA,BA_OESTE NORTE,149.51094971519262,0,0,0,Calculada,Real / Calculada
2018,3,BA,BA_OESTE SUL,85.65756606990874,0,0,0,Calculada,Real / Calculada
2018,3,BA,BA_OUTROS,116.61584039581767,0,0,0,Calculada,Real / Calculada
2018,4,BA,BA_OESTE NORTE,79.1118962725647,0,0,0,Calculada,Real / Calculada
2018,4,BA,BA_OESTE SUL,45.32465678795952,0,0,0,Calculada,Real / Calculada
2018,4,BA,BA_OUTROS,61.70585021836977,0,0,0,Calculada,Real / Calculada
2018,5,BA,BA_OESTE NORTE,616.1785969900469,0,0,0,Calculada,Real / Calculada
2018,5,BA,BA_OESTE SUL,353.0200228349919,0,0,0,Calculada,Real / Calculada
2018,5,BA,BA_OUTROS,480.60817658366113,0,0,0,Calculada,Real / Calculada
2018,6,BA,BA_OESTE NORTE,41.77437324104153,0,0,0,Calculada,Real / Calculada
2018,6,BA,BA_OESTE SUL,23.933304836467997,0,0,0,Calculada,Real / Calculada
2018,6,BA,BA_OUTROS,32.58325662296018,0,0,0,Calculada,Real / Calculada
2018,7,BA,BA_OESTE NORTE,0.8753265150470755,0,0,0,Calculada,Real / Calculada
2018,7,BA,BA_OESTE SUL,0.5014906195045652,0,0,0,Calculada,Real / Calculada
2018,7,BA,BA_OUTROS,0.6827388720853297,0,0,0,Calculada,Real / Calculada
2018,8,BA,BA_OESTE NORTE,0.10495027314420396,0,0,0,Calculada,Real / Calculada
2018,8,BA,BA_OESTE SUL,0.06012793693725778,0,0,0,Calculada,Real / Calculada
2018,8,BA,BA_OUTROS,0.08185931750013024,0,0,0,Calculada,Real / Calculada
2018,9,BA,BA_OESTE NORTE,0.0025074537287675513,0,0,0,Calculada,Real / Calculada
2018,9,BA,BA_OESTE SUL,0.0014365662437988002,0,0,0,Calculada,Real / Calculada
2018,9,BA,BA_OUTROS,0.0019557686202306386,0,0,0,Calculada,Real / Calculada
2018,10,BA,BA_OESTE NORTE,0.06777317360879122,0,0,0,Calculada,Real / Calculada
2018,10,BA,BA_OESTE SUL,0.038828494549871244,0,0,0,Calculada,Real / Calculada
2018,10,BA,BA_OUTROS,0.05286185133420853,0,0,0,Calculada,Real / Calculada
2018,11,BA,BA_OESTE NORTE,0.0,0,0,0,Calculada,Real / Calculada
2018,11,BA,BA_OESTE SUL,0.0,0,0,0,Calculada,Real / Calculada
2018,11,BA,BA_OUTROS,0.0,0,0,0,Calculada,Real / Calculada
2018,12,BA,BA_OESTE NORTE,0.06554696389887653,0,0,0,Calculada,Real / Calculada
2018,12,BA,BA_OESTE SUL,0.037553058164270424,0,0,0,Calculada,Real / Calculada
2018,12,BA,BA_OUTROS,0.051125447969013055,0,0,0,Calculada,Real / Calculada
2019,1,BA,BA_OESTE NORTE,0.0,0,0,0,Calculada,Real / Calculada
2019,1,BA,BA_OESTE SUL,0.0,0,0,0,Calculada,Real / Calculada
2019,1,BA,BA_OUTROS,0.0,0,0,0,Calculada,Real / Calculada
2019,2,BA,BA_OESTE NORTE,3.0924107115707624,0,0,0,Calculada,Real / Calculada
2019,2,BA,BA_OESTE SUL,1.7576737968017622,0,0,0,Calculada,Real / Calculada
2019,2,BA,BA_OUTROS,2.995927335614505,0,0,0,Calculada,Real / Calculada
2019,3,BA,BA_OESTE NORTE,43.4584304543249,0,0,0,Calculada,Real / Calculada
2019,3,BA,BA_OESTE SUL,24.701034753853612,0,0,0,Calculada,Real / Calculada
2019,3,BA,BA_OUTROS,42.1025251509625,0,0,0,Calculada,Real / Calculada
2019,4,BA,BA_OESTE NORTE,71.61564496098445,0,0,0,Calculada,Real / Calculada
2019,4,BA,BA_OESTE SUL,40.70511789329642,0,0,0,Calculada,Real / Calculada
2019,4,BA,BA_OUTROS,69.38123309219012,0,0,0,Calculada,Real / Calculada
2012,1,GO,GO_SUDOESTE,0.0,0,0,0,Calculada,Real / Calculada
2012,1,GO,GO_LESTE,0.0,0,0,0,Calculada,Real / Calculada
2012,1,GO,GO_NOROESTE,0.0,0,0,0,Calculada,Real / Calculada
2012,2,GO,GO_SUDOESTE,33.672666857347835,0,0,0,Calculada,Real / Calculada
2012,2,GO,GO_LESTE,11.795764947420299,0,0,0,Calculada,Real / Calculada
2012,2,GO,GO_NOROESTE,1.6956197492684584,0,0,0,Calculada,Real / Calculada
2012,3,GO,GO_SUDOESTE,1439.5672227567113,0,0,0,Calculada,Real / Calculada
2012,3,GO,GO_LESTE,504.2902202426347,0,0,0,Calculada,Real / Calculada
2012,3,GO,GO_NOROESTE,72.4908016239639,0,0,0,Calculada,Real / Calculada
2012,4,GO,GO_SUDOESTE,1515.2554744486815,0,0,0,Calculada,Real / Calculada
2012,4,GO,GO_LESTE,530.8043312283182,0,0,0,Calculada,Real / Calculada
2012,4,GO,GO_NOROESTE,76.30215683678992,0,0,0,Calculada,Real / Calculada
2012,5,GO,GO_SUDOESTE,137.45331316860893,0,0,0,Calculada,Real / Calculada
2012,5,GO,GO_LESTE,48.15083344155314,0,0,0,Calculada,Real / Calculada
2012,5,GO,GO_NOROESTE,6.921594698704918,0,0,0,Calculada,Real / Calculada
2012,6,GO,GO_SUDOESTE,0.0,0,0,0,Calculada,Real / Calculada
2012,6,GO,GO_LESTE,0.0,0,0,0,Calculada,Real / Calculada
2012,6,GO,GO_NOROESTE,0.0,0,0,0,Calculada,Real / Calculada
2012,7,GO,GO_SUDOESTE,0.0,0,0,0,Calculada,Real / Calculada
2012,7,GO,GO_LESTE,0.0,0,0,0,Calculada,Real / Calculada
2012,7,GO,GO_NOROESTE,0.0,0,0,0,Calculada,Real / Calculada
2012,8,GO,GO_SUDOESTE,0.0,0,0,0,Calculada,Real / Calculada
2012,8,GO,GO_LESTE,0.0,0,0,0,Calculada,Real / Calculada
2012,8,GO,GO_NOROESTE,0.0,0,0,0,Calculada,Real / Calculada
2012,9,GO,GO_SUDOESTE,0.0,0,0,0,Calculada,Real / Calculada
2012,9,GO,GO_LESTE,0.0,0,0,0,Calculada,Real / Calculada
2012,9,GO,GO_NOROESTE,0.0,0,0,0,Calculada,Real / Calculada
2012,10,GO,GO_SUDOESTE,0.0,0,0,0,Calculada,Real / Calculada
2012,10,GO,GO_LESTE,0.0,0,0,0,Calculada,Real / Calculada
2012,10,GO,GO_NOROESTE,0.0,0,0,0,Calculada,Real / Calculada
2012,11,GO,GO_SUDOESTE,0.0,0,0,0,Calculada,Real / Calculada
2012,11,GO,GO_LESTE,0.0,0,0,0,Calculada,Real / Calculada
2012,11,GO,GO_NOROESTE,0.0,0,0,0,Calculada,Real / Calculada
2012,12,GO,GO_SUDOESTE,0.0,0,0,0,Calculada,Real / Calculada
2012,12,GO,GO_LESTE,0.0,0,0,0,Calculada,Real / Calculada
2012,12,GO,GO_NOROESTE,0.0,0,0,0,Calculada,Real / Calculada
2013,1,GO,GO_SUDOESTE,0.0,0,0,0,Calculada,Real / Calculada
2013,1,GO,GO_LESTE,0.0,0,0,0,Calculada,Real / Calculada
2013,1,GO,GO_NOROESTE,0.0,0,0,0,Calculada,Real / Calculada
2013,2,GO,GO_SUDOESTE,21.907450286851017,0,0,0,Calculada,Real / Calculada
2013,2,GO,GO_LESTE,7.674329309161929,0,0,0,Calculada,Real / Calculada
2013,2,GO,GO_NOROESTE,1.1031708750563551,0,0,0,Calculada,Real / Calculada
2013,3,GO,GO_SUDOESTE,935.758387701562,0,0,0,Calculada,Real / Calculada
2013,3,GO,GO_LESTE,327.8025478548035,0,0,0,Calculada,Real / Calculada
2013,3,GO,GO_NOROESTE,47.12101983048432,0,0,0,Calculada,Real / Calculada
2013,4,GO,GO_SUDOESTE,1008.3210562617509,0,0,0,Calculada,Real / Calculada
2013,4,GO,GO_LESTE,353.2217457436923,0,0,0,Calculada,Real / Calculada
2013,4,GO,GO_NOROESTE,50.77498327779674,0,0,0,Calculada,Real / Calculada
2013,5,GO,GO_SUDOESTE,89.21595300526299,0,0,0,Calculada,Real / Calculada
2013,5,GO,GO_LESTE,31.252957054707895,0,0,0,Calculada,Real / Calculada
2013,5,GO,GO_NOROESTE,4.492555713107114,0,0,0,Calculada,Real / Calculada
2013,6,GO,GO_SUDOESTE,0.0,0,0,0,Calculada,Real / Calculada
2013,6,GO,GO_LESTE,0.0,0,0,0,Calculada,Real / Calculada
2013,6,GO,GO_NOROESTE,0.0,0,0,0,Calculada,Real / Calculada
2013,7,GO,GO_SUDOESTE,0.026905024479464183,0,0,0,Calculada,Real / Calculada
2013,7,GO,GO_LESTE,0.009425013647087926,0,0,0,Calculada,Real / Calculada
2013,7,GO,GO_NOROESTE,0.001354828563332985,0,0,0,Calculada,Real / Calculada
2013,8,GO,GO_SUDOESTE,0.05187245380100649,0,0,0,Calculada,Real / Calculada
2013,8,GO,GO_LESTE,0.018171274490219703,0,0,0,Calculada,Real / Calculada
2013,8,GO,GO_NOROESTE,0.0026120876460608918,0,0,0,Calculada,Real / Calculada
2013,9,GO,GO_SUDOESTE,0.06980884878393821,0,0,0,Calculada,Real / Calculada
2013,9,GO,GO_LESTE,0.0244545160320634,0,0,0,Calculada,Real / Calculada
2013,9,GO,GO_NOROESTE,0.0035152921855938846,0,0,0,Calculada,Real / Calculada
2013,10,GO,GO_SUDOESTE,0.07479194969805503,0,0,0,Calculada,Real / Calculada
2013,10,GO,GO_LESTE,0.02620013028178151,0,0,0,Calculada,Real / Calculada
2013,10,GO,GO_NOROESTE,0.003766221057915454,0,0,0,Calculada,Real / Calculada
2013,11,GO,GO_SUDOESTE,0.077252865520649,0,0,0,Calculada,Real / Calculada
2013,11,GO,GO_LESTE,0.02706220588516876,0,0,0,Calculada,Real / Calculada
2013,11,GO,GO_NOROESTE,0.0038901428573902413,0,0,0,Calculada,Real / Calculada
2013,12,GO,GO_SUDOESTE,0.07165195751965918,0,0,0,Calculada,Real / Calculada
2013,12,GO,GO_LESTE,0.0251001695976454,0,0,0,Calculada,Real / Calculada
2013,12,GO,GO_NOROESTE,0.0036081037109054214,0,0,0,Calculada,Real / Calculada
2014,1,GO,GO_SUDOESTE,0.06912418427039801,0,0,0,Calculada,Real / Calculada
2014,1,GO,GO_LESTE,0.02421467338153102,0,0,0,Calculada,Real / Calculada
2014,1,GO,GO_NOROESTE,0.0034808152409639788,0,0,0,Calculada,Real / Calculada
2014,2,GO,GO_SUDOESTE,454.1219268527798,0,0,0,Calculada,Real / Calculada
2014,2,GO,GO_LESTE,159.0820094327063,0,0,0,Calculada,Real / Calculada
2014,2,GO,GO_NOROESTE,22.867749412588957,0,0,0,Calculada,Real / Calculada
2014,3,GO,GO_SUDOESTE,627.3065267542335,0,0,0,Calculada,Real / Calculada
2014,3,GO,GO_LESTE,219.74975640994936,0,0,0,Calculada,Real / Calculada
2014,3,GO,GO_NOROESTE,31.58862765802504,0,0,0,Calculada,Real / Calculada
2014,4,GO,GO_SUDOESTE,461.36819408813113,0,0,0,Calculada,Real / Calculada
2014,4,GO,GO_LESTE,161.6204262862483,0,0,0,Calculada,Real / Calculada
2014,4,GO,GO_NOROESTE,23.23264221673754,0,0,0,Calculada,Real / Calculada
2014,5,GO,GO_SUDOESTE,0.049018200007954454,0,0,0,Calculada,Real / Calculada
2014,5,GO,GO_LESTE,0.017171409912051377,0,0,0,Calculada,Real / Calculada
2014,5,GO,GO_NOROESTE,0.002468358932162861,0,0,0,Calculada,Real / Calculada
2014,6,GO,GO_SUDOESTE,0.06268851781489176,0,0,0,Calculada,Real / Calculada
2014,6,GO,GO_LESTE,0.02196021551186621,0,0,0,Calculada,Real / Calculada
2014,6,GO,GO_NOROESTE,0.0031567410240957152,0,0,0,Calculada,Real / Calculada
2014,7,GO,GO_SUDOESTE,0.06902648250293092,0,0,0,Calculada,Real / Calculada
2014,7,GO,GO_LESTE,0.024180447785771955,0,0,0,Calculada,Real / Calculada
2014,7,GO,GO_NOROESTE,0.0034758953738457175,0,0,0,Calculada,Real / Calculada
2014,8,GO,GO_SUDOESTE,0.04818002749367092,0,0,0,Calculada,Real / Calculada
2014,8,GO,GO_LESTE,0.016877792361479516,0,0,0,Calculada,Real / Calculada
2014,8,GO,GO_NOROESTE,0.0024261519434935624,0,0,0,Calculada,Real / Calculada
2014,9,GO,GO_SUDOESTE,0.03794281153235543,0,0,0,Calculada,Real / Calculada
2014,9,GO,GO_LESTE,0.013291625762105866,0,0,0,Calculada,Real / Calculada
2014,9,GO,GO_NOROESTE,0.0019106470197204997,0,0,0,Calculada,Real / Calculada
2014,10,GO,GO_SUDOESTE,0.033356858818339254,0,0,0,Calculada,Real / Calculada
2014,10,GO,GO_LESTE,0.011685135236609672,0,0,0,Calculada,Real / Calculada
2014,10,GO,GO_NOROESTE,0.001679716929625771,0,0,0,Calculada,Real / Calculada
2014,11,GO,GO_SUDOESTE,0.016685009417885636,0,0,0,Calculada,Real / Calculada
2014,11,GO,GO_LESTE,0.005844872640253197,0,0,0,Calculada,Real / Calculada
2014,11,GO,GO_NOROESTE,0.000840189807524067,0,0,0,Calculada,Real / Calculada
2014,12,GO,GO_SUDOESTE,0.015317111306815772,0,0,0,Calculada,Real / Calculada
2014,12,GO,GO_LESTE,0.0053656885988300155,0,0,0,Calculada,Real / Calculada
2014,12,GO,GO_NOROESTE,0.00077130797342571,0,0,0,Calculada,Real / Calculada
2015,1,GO,GO_SUDOESTE,0.02059812825698121,0,0,0,Calculada,Real / Calculada
2015,1,GO,GO_LESTE,0.007215664868645444,0,0,0,Calculada,Real / Calculada
2015,1,GO,GO_NOROESTE,0.0010372386962537413,0,0,0,Calculada,Real / Calculada
2015,2,GO,GO_SUDOESTE,341.4191683927029,0,0,0,Calculada,Real / Calculada
2015,2,GO,GO_LESTE,119.60146417762041,0,0,0,Calculada,Real / Calculada
2015,2,GO,GO_NOROESTE,17.192492865445637,0,0,0,Calculada,Real / Calculada
2015,3,GO,GO_SUDOESTE,624.031248932035,0,0,0,Calculada,Real / Calculada
2015,3,GO,GO_LESTE,218.6024042417405,0,0,0,Calculada,Real / Calculada
2015,3,GO,GO_NOROESTE,31.42369787140646,0,0,0,Calculada,Real / Calculada
2015,4,GO,GO_SUDOESTE,231.8307726636185,0,0,0,Calculada,Real / Calculada
2015,4,GO,GO_LESTE,81.21190143637652,0,0,0,Calculada,Real / Calculada
2015,4,GO,GO_NOROESTE,11.674063069667993,0,0,0,Calculada,Real / Calculada
2015,5,GO,GO_SUDOESTE,0.044928000128737614,0,0,0,Calculada,Real / Calculada
2015,5,GO,GO_LESTE,0.01573858498708763,0,0,0,Calculada,Real / Calculada
2015,5,GO,GO_NOROESTE,0.0022623929561670477,0,0,0,Calculada,Real / Calculada
2015,6,GO,GO_SUDOESTE,0.03218087287416596,0,0,0,Calculada,Real / Calculada
2015,6,GO,GO_LESTE,0.011273179336659582,0,0,0,Calculada,Real / Calculada
2015,6,GO,GO_NOROESTE,0.0016204990185452524,0,0,0,Calculada,Real / Calculada
2015,7,GO,GO_SUDOESTE,0.0027893333506964412,0,0,0,Calculada,Real / Calculada
2015,7,GO,GO_LESTE,0.0009771225042615166,0,0,0,Calculada,Real / Calculada
2015,7,GO,GO_NOROESTE,0.00014045958215222191,0,0,0,Calculada,Real / Calculada
2015,8,GO,GO_SUDOESTE,0.013313018144129876,0,0,0,Calculada,Real / Calculada
2015,8,GO,GO_LESTE,0.004663641090091738,0,0,0,Calculada,Real / Calculada
2015,8,GO,GO_NOROESTE,0.0006703899213919856,0,0,0,Calculada,Real / Calculada
2015,9,GO,GO_SUDOESTE,0.0,0,0,0,Calculada,Real / Calculada
2015,9,GO,GO_LESTE,0.0,0,0,0,Calculada,Real / Calculada
2015,9,GO,GO_NOROESTE,0.0,0,0,0,Calculada,Real / Calculada
2015,10,GO,GO_SUDOESTE,0.0,0,0,0,Calculada,Real / Calculada
2015,10,GO,GO_LESTE,0.0,0,0,0,Calculada,Real / Calculada
2015,10,GO,GO_NOROESTE,0.0,0,0,0,Calculada,Real / Calculada
2015,11,GO,GO_SUDOESTE,0.011885475282603798,0,0,0,Calculada,Real / Calculada
2015,11,GO,GO_LESTE,0.004163563085629942,0,0,0,Calculada,Real / Calculada
2015,11,GO,GO_NOROESTE,0.0005985046181225588,0,0,0,Calculada,Real / Calculada
2015,12,GO,GO_SUDOESTE,0.014086388818765073,0,0,0,Calculada,Real / Calculada
2015,12,GO,GO_LESTE,0.004934558114094368,0,0,0,Calculada,Real / Calculada
2015,12,GO,GO_NOROESTE,0.0007093337506696586,0,0,0,Calculada,Real / Calculada
2016,1,GO,GO_SUDOESTE,0.017888911910583487,0,0,0,Calculada,Real / Calculada
2016,1,GO,GO_LESTE,0.009610334881621605,0,0,0,Calculada,Real / Calculada
2016,1,GO,GO_NOROESTE,0.0014547525459482076,0,0,0,Calculada,Real / Calculada
2016,2,GO,GO_SUDOESTE,106.29614127015523,0,0,0,Calculada,Real / Calculada
2016,2,GO,GO_LESTE,57.104731653688994,0,0,0,Calculada,Real / Calculada
2016,2,GO,GO_NOROESTE,8.644158063394753,0,0,0,Calculada,Real / Calculada
2016,3,GO,GO_SUDOESTE,560.3377724197105,0,0,0,Calculada,Real / Calculada
2016,3,GO,GO_LESTE,301.0263378059,0,0,0,Calculada,Real / Calculada
2016,3,GO,GO_NOROESTE,45.56748924098946,0,0,0,Calculada,Real / Calculada
2016,4,GO,GO_SUDOESTE,434.77772981026624,0,0,0,Calculada,Real / Calculada
2016,4,GO,GO_LESTE,233.5725953279385,0,0,0,Calculada,Real / Calculada
2016,4,GO,GO_NOROESTE,35.356762475244174,0,0,0,Calculada,Real / Calculada
2016,5,GO,GO_SUDOESTE,85.4875768513185,0,0,0,Calculada,Real / Calculada
2016,5,GO,GO_LESTE,45.925892299434814,0,0,0,Calculada,Real / Calculada
2016,5,GO,GO_NOROESTE,6.951975094573667,0,0,0,Calculada,Real / Calculada
2016,6,GO,GO_SUDOESTE,0.3935978898074918,0,0,0,Calculada,Real / Calculada
2016,6,GO,GO_LESTE,0.2114498382381613,0,0,0,Calculada,Real / Calculada
2016,6,GO,GO_NOROESTE,0.03200795750682494,0,0,0,Calculada,Real / Calculada
2016,7,GO,GO_SUDOESTE,0.02303623599164189,0,0,0,Calculada,Real / Calculada
2016,7,GO,GO_LESTE,0.012375595754416243,0,0,0,Calculada,Real / Calculada
2016,7,GO,GO_NOROESTE,0.0018733404874154644,0,0,0,Calculada,Real / Calculada
2016,8,GO,GO_SUDOESTE,0.01745799801657039,0,0,0,Calculada,Real / Calculada
2016,8,GO,GO_LESTE,0.00937883802774312,0,0,0,Calculada,Real / Calculada
2016,8,GO,GO_NOROESTE,0.0014197099962652874,0,0,0,Calculada,Real / Calculada
2016,9,GO,GO_SUDOESTE,0.02414812230124252,0,0,0,Calculada,Real / Calculada
2016,9,GO,GO_LESTE,0.012972926650725851,0,0,0,Calculada,Real / Calculada
2016,9,GO,GO_NOROESTE,0.0019637607124007254,0,0,0,Calculada,Real / Calculada
2016,10,GO,GO_SUDOESTE,0.02611657243623291,0,0,0,Calculada,Real / Calculada
2016,10,GO,GO_LESTE,0.014030423333005273,0,0,0,Calculada,Real / Calculada
2016,10,GO,GO_NOROESTE,0.002123837963592017,0,0,0,Calculada,Real / Calculada
2016,11,GO,GO_SUDOESTE,0.019858243861128666,0,0,0,Calculada,Real / Calculada
2016,11,GO,GO_LESTE,0.010668305295496764,0,0,0,Calculada,Real / Calculada
2016,11,GO,GO_NOROESTE,0.0016149015076733653,0,0,0,Calculada,Real / Calculada
2016,12,GO,GO_SUDOESTE,0.015933569163479013,0,0,0,Calculada,Real / Calculada
2016,12,GO,GO_LESTE,0.008559879789553852,0,0,0,Calculada,Real / Calculada
2016,12,GO,GO_NOROESTE,0.0012957412067583322,0,0,0,Calculada,Real / Calculada
2017,1,GO,GO_SUDOESTE,0.0015177862028487915,0,0,0,Calculada,Real / Calculada
2017,1,GO,GO_LESTE,0.0005675512926472232,0,0,0,Calculada,Real / Calculada
2017,1,GO,GO_NOROESTE,8.979470975803526e-05,0,0,0,Calculada,Real / Calculada
2017,2,GO,GO_SUDOESTE,61.5828956356709,0,0,0,Calculada,Real / Calculada
2017,2,GO,GO_LESTE,23.027915234294742,0,0,0,Calculada,Real / Calculada
2017,2,GO,GO_NOROESTE,3.6433446484658476,0,0,0,Calculada,Real / Calculada
2017,3,GO,GO_SUDOESTE,700.3003789357135,0,0,0,Calculada,Real / Calculada
2017,3,GO,GO_LESTE,261.8658573653544,0,0,0,Calculada,Real / Calculada
2017,3,GO,GO_NOROESTE,41.43091375580202,0,0,0,Calculada,Real / Calculada
2017,4,GO,GO_SUDOESTE,490.651905656844,0,0,0,Calculada,Real / Calculada
2017,4,GO,GO_LESTE,183.47124435094605,0,0,0,Calculada,Real / Calculada
2017,4,GO,GO_NOROESTE,29.027767796274038,0,0,0,Calculada,Real / Calculada
2017,5,GO,GO_SUDOESTE,197.16661984390424,0,0,0,Calculada,Real / Calculada
2017,5,GO,GO_LESTE,73.72722834695558,0,0,0,Calculada,Real / Calculada
2017,5,GO,GO_NOROESTE,11.664699131950178,0,0,0,Calculada,Real / Calculada
2017,6,GO,GO_SUDOESTE,1.6739643950283307,0,0,0,Calculada,Real / Calculada
2017,6,GO,GO_LESTE,0.6259515697669082,0,0,0,Calculada,Real / Calculada
2017,6,GO,GO_NOROESTE,0.09903446659004113,0,0,0,Calculada,Real / Calculada
2017,7,GO,GO_SUDOESTE,0.00625650499815095,0,0,0,Calculada,Real / Calculada
2017,7,GO,GO_LESTE,0.0023395175766452395,0,0,0,Calculada,Real / Calculada
2017,7,GO,GO_NOROESTE,0.0003701450503069506,0,0,0,Calculada,Real / Calculada
2017,8,GO,GO_SUDOESTE,0.002590262620173162,0,0,0,Calculada,Real / Calculada
2017,8,GO,GO_LESTE,0.0009685862841655571,0,0,0,Calculada,Real / Calculada
2017,8,GO,GO_NOROESTE,0.0001532441655741608,0,0,0,Calculada,Real / Calculada
2017,9,GO,GO_SUDOESTE,0.0018064154336430481,0,0,0,Calculada,Real / Calculada
2017,9,GO,GO_LESTE,0.0006754794664081845,0,0,0,Calculada,Real / Calculada
2017,9,GO,GO_NOROESTE,0.00010687048627926724,0,0,0,Calculada,Real / Calculada
2017,10,GO,GO_SUDOESTE,0.005683811802778268,0,0,0,Calculada,Real / Calculada
2017,10,GO,GO_LESTE,0.002125368335655983,0,0,0,Calculada,Real / Calculada
2017,10,GO,GO_NOROESTE,0.00033626358586724854,0,0,0,Calculada,Real / Calculada
2017,11,GO,GO_SUDOESTE,0.004843965818192532,0,0,0,Calculada,Real / Calculada
2017,11,GO,GO_LESTE,0.0018113216844994754,0,0,0,Calculada,Real / Calculada
2017,11,GO,GO_NOROESTE,0.0002865769262535423,0,0,0,Calculada,Real / Calculada
2017,12,GO,GO_SUDOESTE,0.005407456324147282,0,0,0,Calculada,Real / Calculada
2017,12,GO,GO_LESTE,0.0020220297305001524,0,0,0,Calculada,Real / Calculada
2017,12,GO,GO_NOROESTE,0.00031991394456260653,0,0,0,Calculada,Real / Calculada
2018,1,GO,GO_SUDOESTE,0.004963837882096647,0,0,0,Calculada,Real / Calculada
2018,1,GO,GO_LESTE,0.0017385306083041716,0,0,0,Calculada,Real / Calculada
2018,1,GO,GO_NOROESTE,0.00029295016637419,0,0,0,Calculada,Real / Calculada
2018,2,GO,GO_SUDOESTE,31.07123930502383,0,0,0,Calculada,Real / Calculada
2018,2,GO,GO_LESTE,10.88236599437673,0,0,0,Calculada,Real / Calculada
2018,2,GO,GO_NOROESTE,1.833727236880332,0,0,0,Calculada,Real / Calculada
2018,3,GO,GO_SUDOESTE,600.1070689560067,0,0,0,Calculada,Real / Calculada
2018,3,GO,GO_LESTE,210.18101969096628,0,0,0,Calculada,Real / Calculada
2018,3,GO,GO_NOROESTE,35.416439833190914,0,0,0,Calculada,Real / Calculada
2018,4,GO,GO_SUDOESTE,507.5810410482237,0,0,0,Calculada,Real / Calculada
2018,4,GO,GO_LESTE,177.77477770577434,0,0,0,Calculada,Real / Calculada
2018,4,GO,GO_NOROESTE,29.955843433116897,0,0,0,Calculada,Real / Calculada
2018,5,GO,GO_SUDOESTE,77.1951308843298,0,0,0,Calculada,Real / Calculada
2018,5,GO,GO_LESTE,27.036760877808415,0,0,0,Calculada,Real / Calculada
2018,5,GO,GO_NOROESTE,4.555814870063776,0,0,0,Calculada,Real / Calculada
2018,6,GO,GO_SUDOESTE,0.0,0,0,0,Calculada,Real / Calculada
2018,6,GO,GO_LESTE,0.0,0,0,0,Calculada,Real / Calculada
2018,6,GO,GO_NOROESTE,0.0,0,0,0,Calculada,Real / Calculada
2018,7,GO,GO_SUDOESTE,0.0012594202156598511,0,0,0,Calculada,Real / Calculada
2018,7,GO,GO_LESTE,0.0004410983286820931,0,0,0,Calculada,Real / Calculada
2018,7,GO,GO_NOROESTE,7.432703695728557e-05,0,0,0,Calculada,Real / Calculada
2018,8,GO,GO_SUDOESTE,0.0,0,0,0,Calculada,Real / Calculada
2018,8,GO,GO_LESTE,0.0,0,0,0,Calculada,Real / Calculada
2018,8,GO,GO_NOROESTE,0.0,0,0,0,Calculada,Real / Calculada
2018,9,GO,GO_SUDOESTE,0.0,0,0,0,Calculada,Real / Calculada
2018,9,GO,GO_LESTE,0.0,0,0,0,Calculada,Real / Calculada
2018,9,GO,GO_NOROESTE,0.0,0,0,0,Calculada,Real / Calculada
2018,10,GO,GO_SUDOESTE,0.0,0,0,0,Calculada,Real / Calculada
2018,10,GO,GO_LESTE,0.0,0,0,0,Calculada,Real / Calculada
2018,10,GO,GO_NOROESTE,0.0,0,0,0,Calculada,Real / Calculada
2018,11,GO,GO_SUDOESTE,0.0,0,0,0,Calculada,Real / Calculada
2018,11,GO,GO_LESTE,0.0,0,0,0,Calculada,Real / Calculada
2018,11,GO,GO_NOROESTE,0.0,0,0,0,Calculada,Real / Calculada
2018,12,GO,GO_SUDOESTE,0.0,0,0,0,Calculada,Real / Calculada
2018,12,GO,GO_LESTE,0.0,0,0,0,Calculada,Real / Calculada
2018,12,GO,GO_NOROESTE,0.0,0,0,0,Calculada,Real / Calculada
2019,1,GO,GO_SUDOESTE,0.0,0,0,0,Calculada,Real / Calculada
2019,1,GO,GO_LESTE,0.0,0,0,0,Calculada,Real / Calculada
2019,1,GO,GO_NOROESTE,0.0,0,0,0,Calculada,Real / Calculada
2019,2,GO,GO_SUDOESTE,0.0,0,0,0,Calculada,Real / Calculada
2019,2,GO,GO_LESTE,0.0,0,0,0,Calculada,Real / Calculada
2019,2,GO,GO_NOROESTE,0.0,0,0,0,Calculada,Real / Calculada
2019,3,GO,GO_SUDOESTE,430.85027704050634,0,0,0,Calculada,Real / Calculada
2019,3,GO,GO_LESTE,143.21247971272382,0,0,0,Calculada,Real / Calculada
2019,3,GO,GO_NOROESTE,21.202215288621804,0,0,0,Calculada,Real / Calculada
2019,4,GO,GO_SUDOESTE,866.198104984448,0,0,0,Calculada,Real / Calculada
2019,4,GO,GO_LESTE,287.9199228775766,0,0,0,Calculada,Real / Calculada
2019,4,GO,GO_NOROESTE,42.62575582085534,0,0,0,Calculada,Real / Calculada
2012,1,MA,MA_SUL,0.0,0,0,0,Calculada,Real / Calculada
2012,1,MA,MA_OUTROS,0.0,0,0,0,Calculada,Real / Calculada
2012,2,MA,MA_SUL,22.727813178512616,0,0,0,Calculada,Real / Calculada
2012,2,MA,MA_OUTROS,8.145810679218988,0,0,0,Calculada,Real / Calculada
2012,3,MA,MA_SUL,64.3621154285938,0,0,0,Calculada,Real / Calculada
2012,3,MA,MA_OUTROS,23.067842166664413,0,0,0,Calculada,Real / Calculada
2012,4,MA,MA_SUL,232.38021144496054,0,0,0,Calculada,Real / Calculada
2012,4,MA,MA_OUTROS,83.28672860691849,0,0,0,Calculada,Real / Calculada
2012,5,MA,MA_SUL,69.50307843554265,0,0,0,Calculada,Real / Calculada
2012,5,MA,MA_OUTROS,24.91040005089876,0,0,0,Calculada,Real / Calculada
2012,6,MA,MA_SUL,3.7569938973254685e-09,0,0,0,Calculada,Real / Calculada
2012,6,MA,MA_OUTROS,1.3465334640962222e-09,0,0,0,Calculada,Real / Calculada
2012,7,MA,MA_SUL,1.6284475944138402e-09,0,0,0,Calculada,Real / Calculada
2012,7,MA,MA_OUTROS,5.836472563786199e-10,0,0,0,Calculada,Real / Calculada
2012,8,MA,MA_SUL,6.948083338164914e-10,0,0,0,Calculada,Real / Calculada
2012,8,MA,MA_OUTROS,2.4902427264597576e-10,0,0,0,Calculada,Real / Calculada
2012,9,MA,MA_SUL,2.7099913862141814e-10,0,0,0,Calculada,Real / Calculada
2012,9,MA,MA_OUTROS,9.71280281170439e-11,0,0,0,Calculada,Real / Calculada
2012,10,MA,MA_SUL,4.604134781963384e-11,0,0,0,Calculada,Real / Calculada
2012,10,MA,MA_OUTROS,1.650154811679745e-11,0,0,0,Calculada,Real / Calculada
2012,11,MA,MA_SUL,0.0,0,0,0,Calculada,Real / Calculada
2012,11,MA,MA_OUTROS,0.0,0,0,0,Calculada,Real / Calculada
2012,12,MA,MA_SUL,0.0,0,0,0,Calculada,Real / Calculada
2012,12,MA,MA_OUTROS,0.0,0,0,0,Calculada,Real / Calculada
2013,1,MA,MA_SUL,0.0,0,0,0,Calculada,Real / Calculada
2013,1,MA,MA_OUTROS,0.0,0,0,0,Calculada,Real / Calculada
2013,2,MA,MA_SUL,3.1036219022681264,0,0,0,Calculada,Real / Calculada
2013,2,MA,MA_OUTROS,1.1123602714076937,0,0,0,Calculada,Real / Calculada
2013,3,MA,MA_SUL,34.74911018092052,0,0,0,Calculada,Real / Calculada
2013,3,MA,MA_OUTROS,12.454329441281686,0,0,0,Calculada,Real / Calculada
2013,4,MA,MA_SUL,468.93508479108226,0,0,0,Calculada,Real / Calculada
2013,4,MA,MA_OUTROS,168.06968587558774,0,0,0,Calculada,Real / Calculada
2013,5,MA,MA_SUL,42.30719877526728,0,0,0,Calculada,Real / Calculada
2013,5,MA,MA_OUTROS,15.163202411274227,0,0,0,Calculada,Real / Calculada
2013,6,MA,MA_SUL,0.0,0,0,0,Calculada,Real / Calculada
2013,6,MA,MA_OUTROS,0.0,0,0,0,Calculada,Real / Calculada
2013,7,MA,MA_SUL,0.0,0,0,0,Calculada,Real / Calculada
2013,7,MA,MA_OUTROS,0.0,0,0,0,Calculada,Real / Calculada
2013,8,MA,MA_SUL,0.0,0,0,0,Calculada,Real / Calculada
2013,8,MA,MA_OUTROS,0.0,0,0,0,Calculada,Real / Calculada
2013,9,MA,MA_SUL,0.0,0,0,0,Calculada,Real / Calculada
2013,9,MA,MA_OUTROS,0.0,0,0,0,Calculada,Real / Calculada
2013,10,MA,MA_SUL,0.0,0,0,0,Calculada,Real / Calculada
2013,10,MA,MA_OUTROS,0.0,0,0,0,Calculada,Real / Calculada
2013,11,MA,MA_SUL,0.07759555089364778,0,0,0,Calculada,Real / Calculada
2013,11,MA,MA_OUTROS,0.02781080001691222,0,0,0,Calculada,Real / Calculada
2013,12,MA,MA_SUL,0.0,0,0,0,Calculada,Real / Calculada
2013,12,MA,MA_OUTROS,0.0,0,0,0,Calculada,Real / Calculada
2014,1,MA,MA_SUL,0.0,0,0,0,Calculada,Real / Calculada
2014,1,MA,MA_OUTROS,0.0,0,0,0,Calculada,Real / Calculada
2014,2,MA,MA_SUL,2.3278989393722402,0,0,0,Calculada,Real / Calculada
2014,2,MA,MA_OUTROS,0.8343356174015297,0,0,0,Calculada,Real / Calculada
2014,3,MA,MA_SUL,151.95675193881758,0,0,0,Calculada,Real / Calculada
2014,3,MA,MA_OUTROS,54.46238593218044,0,0,0,Calculada,Real / Calculada
2014,4,MA,MA_SUL,421.0421188843762,0,0,0,Calculada,Real / Calculada
2014,4,MA,MA_OUTROS,150.90450460283986,0,0,0,Calculada,Real / Calculada
2014,5,MA,MA_SUL,56.64964793774322,0,0,0,Calculada,Real / Calculada
2014,5,MA,MA_OUTROS,20.303638696816492,0,0,0,Calculada,Real / Calculada
2014,6,MA,MA_SUL,0.0,0,0,0,Calculada,Real / Calculada
2014,6,MA,MA_OUTROS,0.0,0,0,0,Calculada,Real / Calculada
2014,7,MA,MA_SUL,0.0,0,0,0,Calculada,Real / Calculada
2014,7,MA,MA_OUTROS,0.0,0,0,0,Calculada,Real / Calculada
2014,8,MA,MA_SUL,0.0,0,0,0,Calculada,Real / Calculada
2014,8,MA,MA_OUTROS,0.0,0,0,0,Calculada,Real / Calculada
2014,9,MA,MA_SUL,0.0,0,0,0,Calculada,Real / Calculada
2014,9,MA,MA_OUTROS,0.0,0,0,0,Calculada,Real / Calculada
2014,10,MA,MA_SUL,0.2449320523550633,0,0,0,Calculada,Real / Calculada
2014,10,MA,MA_OUTROS,0.08778539809730472,0,0,0,Calculada,Real / Calculada
2014,11,MA,MA_SUL,0.0,0,0,0,Calculada,Real / Calculada
2014,11,MA,MA_OUTROS,0.0,0,0,0,Calculada,Real / Calculada
2014,12,MA,MA_SUL,0.0,0,0,0,Calculada,Real / Calculada
2014,12,MA,MA_OUTROS,0.0,0,0,0,Calculada,Real / Calculada
2015,1,MA,MA_SUL,1.1241488103138122,0,0,0,Calculada,Real / Calculada
2015,1,MA,MA_OUTROS,0.402902967925788,0,0,0,Calculada,Real / Calculada
2015,2,MA,MA_SUL,0.12280999500479339,0,0,0,Calculada,Real / Calculada
2015,2,MA,MA_OUTROS,0.04401597993469362,0,0,0,Calculada,Real / Calculada
2015,3,MA,MA_SUL,238.9039473247842,0,0,0,Calculada,Real / Calculada
2015,3,MA,MA_OUTROS,85.62488217149075,0,0,0,Calculada,Real / Calculada
2015,4,MA,MA_SUL,440.3626774192463,0,0,0,Calculada,Real / Calculada
2015,4,MA,MA_OUTROS,157.8291308660746,0,0,0,Calculada,Real / Calculada
2015,5,MA,MA_SUL,3.793915331048311,0,0,0,Calculada,Real / Calculada
2015,5,MA,MA_OUTROS,1.3597663698205595,0,0,0,Calculada,Real / Calculada
2015,6,MA,MA_SUL,12.003135885303802,0,0,0,Calculada,Real / Calculada
2015,6,MA,MA_OUTROS,4.302009687894799,0,0,0,Calculada,Real / Calculada
2015,7,MA,MA_SUL,3.0490211382669803,0,0,0,Calculada,Real / Calculada
2015,7,MA,MA_OUTROS,1.0927909673571594,0,0,0,Calculada,Real / Calculada
2015,8,MA,MA_SUL,0.0,0,0,0,Calculada,Real / Calculada
2015,8,MA,MA_OUTROS,0.0,0,0,0,Calculada,Real / Calculada
2015,9,MA,MA_SUL,0.0,0,0,0,Calculada,Real / Calculada
2015,9,MA,MA_OUTROS,0.0,0,0,0,Calculada,Real / Calculada
2015,10,MA,MA_SUL,0.0,0,0,0,Calculada,Real / Calculada
2015,10,MA,MA_OUTROS,0.0,0,0,0,Calculada,Real / Calculada
2015,11,MA,MA_SUL,0.17288269282888286,0,0,0,Calculada,Real / Calculada
2015,11,MA,MA_OUTROS,0.061962392705210166,0,0,0,Calculada,Real / Calculada
2015,12,MA,MA_SUL,0.0,0,0,0,Calculada,Real / Calculada
2015,12,MA,MA_OUTROS,0.0,0,0,0,Calculada,Real / Calculada
2016,1,MA,MA_SUL,0.0,0,0,0,Calculada,Real / Calculada
2016,1,MA,MA_OUTROS,0.0,0,0,0,Calculada,Real / Calculada
2016,2,MA,MA_SUL,0.5973311128663553,0,0,0,Calculada,Real / Calculada
2016,2,MA,MA_OUTROS,0.28188995371163755,0,0,0,Calculada,Real / Calculada
2016,3,MA,MA_SUL,137.4627678804178,0,0,0,Calculada,Real / Calculada
2016,3,MA,MA_OUTROS,64.87084372508518,0,0,0,Calculada,Real / Calculada
2016,4,MA,MA_SUL,262.0490257416168,0,0,0,Calculada,Real / Calculada
2016,4,MA,MA_OUTROS,123.66505970535516,0,0,0,Calculada,Real / Calculada
2016,5,MA,MA_SUL,79.02807690621567,0,0,0,Calculada,Real / Calculada
2016,5,MA,MA_OUTROS,37.294593335534316,0,0,0,Calculada,Real / Calculada
2016,6,MA,MA_SUL,8.167447552847579,0,0,0,Calculada,Real / Calculada
2016,6,MA,MA_OUTROS,3.8543470497736223,0,0,0,Calculada,Real / Calculada
2016,7,MA,MA_SUL,1.8404257348231228,0,0,0,Calculada,Real / Calculada
2016,7,MA,MA_OUTROS,0.8685258712031471,0,0,0,Calculada,Real / Calculada
2016,8,MA,MA_SUL,0.7441792397819136,0,0,0,Calculada,Real / Calculada
2016,8,MA,MA_OUTROS,0.35118989608401646,0,0,0,Calculada,Real / Calculada
2016,9,MA,MA_SUL,0.0,0,0,0,Calculada,Real / Calculada
2016,9,MA,MA_OUTROS,0.0,0,0,0,Calculada,Real / Calculada
2016,10,MA,MA_SUL,0.0,0,0,0,Calculada,Real / Calculada
2016,10,MA,MA_OUTROS,0.0,0,0,0,Calculada,Real / Calculada
2016,11,MA,MA_SUL,0.07819489364370291,0,0,0,Calculada,Real / Calculada
2016,11,MA,MA_OUTROS,0.0369014010402661,0,0,0,Calculada,Real / Calculada
2016,12,MA,MA_SUL,0.0,0,0,0,Calculada,Real / Calculada
2016,12,MA,MA_OUTROS,0.0,0,0,0,Calculada,Real / Calculada
2017,1,MA,MA_SUL,0.0,0,0,0,Calculada,Real / Calculada
2017,1,MA,MA_OUTROS,0.0,0,0,0,Calculada,Real / Calculada
2017,2,MA,MA_SUL,0.7243192899898673,0,0,0,Calculada,Real / Calculada
2017,2,MA,MA_OUTROS,0.2563534840974859,0,0,0,Calculada,Real / Calculada
2017,3,MA,MA_SUL,256.2245685241948,0,0,0,Calculada,Real / Calculada
2017,3,MA,MA_OUTROS,90.68384862906417,0,0,0,Calculada,Real / Calculada
2017,4,MA,MA_SUL,112.42464097613737,0,0,0,Calculada,Real / Calculada
2017,4,MA,MA_OUTROS,39.78970160113362,0,0,0,Calculada,Real / Calculada
2017,5,MA,MA_SUL,504.66686081209144,0,0,0,Calculada,Real / Calculada
2017,5,MA,MA_OUTROS,178.61336825577357,0,0,0,Calculada,Real / Calculada
2017,6,MA,MA_SUL,39.33552515317042,0,0,0,Calculada,Real / Calculada
2017,6,MA,MA_OUTROS,13.921759452189372,0,0,0,Calculada,Real / Calculada
2017,7,MA,MA_SUL,3.379554126218238,0,0,0,Calculada,Real / Calculada
2017,7,MA,MA_OUTROS,1.1961029989470522,0,0,0,Calculada,Real / Calculada
2017,8,MA,MA_SUL,0.0,0,0,0,Calculada,Real / Calculada
2017,8,MA,MA_OUTROS,0.0,0,0,0,Calculada,Real / Calculada
2017,9,MA,MA_SUL,0.0,0,0,0,Calculada,Real / Calculada
2017,9,MA,MA_OUTROS,0.0,0,0,0,Calculada,Real / Calculada
2017,10,MA,MA_SUL,0.009934318024994386,0,0,0,Calculada,Real / Calculada
2017,10,MA,MA_OUTROS,0.0035159867658300144,0,0,0,Calculada,Real / Calculada
2017,11,MA,MA_SUL,0.17870021850852738,0,0,0,Calculada,Real / Calculada
2017,11,MA,MA_OUTROS,0.0632461736926596,0,0,0,Calculada,Real / Calculada
2017,12,MA,MA_SUL,0.0,0,0,0,Calculada,Real / Calculada
2017,12,MA,MA_OUTROS,0.0,0,0,0,Calculada,Real / Calculada
2018,1,MA,MA_SUL,0.0,0,0,0,Calculada,Real / Calculada
2018,1,MA,MA_OUTROS,0.0,0,0,0,Calculada,Real / Calculada
2018,2,MA,MA_SUL,6.867876726587563,0,0,0,Calculada,Real / Calculada
2018,2,MA,MA_OUTROS,2.5031325470330357,0,0,0,Calculada,Real / Calculada
2018,3,MA,MA_SUL,118.11801862856692,0,0,0,Calculada,Real / Calculada
2018,3,MA,MA_OUTROS,43.05043153666608,0,0,0,Calculada,Real / Calculada
2018,4,MA,MA_SUL,507.7941263359458,0,0,0,Calculada,Real / Calculada
2018,4,MA,MA_OUTROS,185.07554160123513,0,0,0,Calculada,Real / Calculada
2018,5,MA,MA_SUL,208.25394294354552,0,0,0,Calculada,Real / Calculada
2018,5,MA,MA_OUTROS,75.90223927751848,0,0,0,Calculada,Real / Calculada
2018,6,MA,MA_SUL,236.7140866871758,0,0,0,Calculada,Real / Calculada
2018,6,MA,MA_OUTROS,86.27509757623118,0,0,0,Calculada,Real / Calculada
2018,7,MA,MA_SUL,8.916468341160636,0,0,0,Calculada,Real / Calculada
2018,7,MA,MA_OUTROS,3.2497819920012634,0,0,0,Calculada,Real / Calculada
2018,8,MA,MA_SUL,18.99556460456578,0,0,0,Calculada,Real / Calculada
2018,8,MA,MA_OUTROS,6.923306562402826,0,0,0,Calculada,Real / Calculada
2018,9,MA,MA_SUL,0.0,0,0,0,Calculada,Real / Calculada
2018,9,MA,MA_OUTROS,0.0,0,0,0,Calculada,Real / Calculada
2018,10,MA,MA_SUL,0.5627539052363212,0,0,0,Calculada,Real / Calculada
2018,10,MA,MA_OUTROS,0.20510671234294184,0,0,0,Calculada,Real / Calculada
2018,11,MA,MA_SUL,0.13670074916839964,0,0,0,Calculada,Real / Calculada
2018,11,MA,MA_OUTROS,0.049823272616781385,0,0,0,Calculada,Real / Calculada
2018,12,MA,MA_SUL,0.0,0,0,0,Calculada,Real / Calculada
2018,12,MA,MA_OUTROS,0.0,0,0,0,Calculada,Real / Calculada
2019,1,MA,MA_SUL,3.1250415141668944,0,0,0,Calculada,Real / Calculada
2019,1,MA,MA_OUTROS,0.8353936149522863,0,0,0,Calculada,Real / Calculada
2019,2,MA,MA_SUL,2.8988068196552867,0,0,0,Calculada,Real / Calculada
2019,2,MA,MA_OUTROS,0.7749160122008033,0,0,0,Calculada,Real / Calculada
2019,3,MA,MA_SUL,100.95369542437211,0,0,0,Calculada,Real / Calculada
2019,3,MA,MA_OUTROS,26.987184708117862,0,0,0,Calculada,Real / Calculada
2019,4,MA,MA_SUL,133.32740448886207,0,0,0,Calculada,Real / Calculada
2019,4,MA,MA_OUTROS,35.641402491207934,0,0,0,Calculada,Real / Calculada
2012,1,MG,MG_TRINGULO,1.0850218591768658e-05,0,0,0,Calculada,Real / Calculada
2012,1,MG,MG_NOROESTE,5.08351243570069e-06,0,0,0,Calculada,Real / Calculada
2012,1,MG,MG_SUL,8.546670595228862e-06,0,0,0,Calculada,Real / Calculada
2012,1,MG,MG_OUTROS,3.908785968330895e-06,0,0,0,Calculada,Real / Calculada
2012,2,MG,MG_TRINGULO,174.8320687939768,0,0,0,Calculada,Real / Calculada
2012,2,MG,MG_NOROESTE,81.91180558774212,0,0,0,Calculada,Real / Calculada
2012,2,MG,MG_SUL,137.714469881564,0,0,0,Calculada,Real / Calculada
2012,2,MG,MG_OUTROS,62.98316771558816,0,0,0,Calculada,Real / Calculada
2012,3,MG,MG_TRINGULO,1725.5217943618757,0,0,0,Calculada,Real / Calculada
2012,3,MG,MG_NOROESTE,808.436385453624,0,0,0,Calculada,Real / Calculada
2012,3,MG,MG_SUL,1359.186108239986,0,0,0,Calculada,Real / Calculada
2012,3,MG,MG_OUTROS,621.6183868376256,0,0,0,Calculada,Real / Calculada
2012,4,MG,MG_TRINGULO,767.413292754276,0,0,0,Calculada,Real / Calculada
2012,4,MG,MG_NOROESTE,359.5462141194025,0,0,0,Calculada,Real / Calculada
2012,4,MG,MG_SUL,604.4881555240257,0,0,0,Calculada,Real / Calculada
2012,4,MG,MG_OUTROS,276.4602653170658,0,0,0,Calculada,Real / Calculada
2012,5,MG,MG_TRINGULO,116.21798323404529,0,0,0,Calculada,Real / Calculada
2012,5,MG,MG_NOROESTE,54.45010697485127,0,0,0,Calculada,Real / Calculada
2012,5,MG,MG_SUL,91.54440636769742,0,0,0,Calculada,Real / Calculada
2012,5,MG,MG_OUTROS,41.867471912278056,0,0,0,Calculada,Real / Calculada
2012,6,MG,MG_TRINGULO,4.913737126477422e-05,0,0,0,Calculada,Real / Calculada
2012,6,MG,MG_NOROESTE,2.302169636210103e-05,0,0,0,Calculada,Real / Calculada
2012,6,MG,MG_SUL,3.87052963554196e-05,0,0,0,Calculada,Real / Calculada
2012,6,MG,MG_OUTROS,1.7701714089532174e-05,0,0,0,Calculada,Real / Calculada
2012,7,MG,MG_TRINGULO,4.6590334882875634e-05,0,0,0,Calculada,Real / Calculada
2012,7,MG,MG_NOROESTE,2.182836638334961e-05,0,0,0,Calculada,Real / Calculada
2012,7,MG,MG_SUL,3.6699006734059784e-05,0,0,0,Calculada,Real / Calculada
2012,7,MG,MG_OUTROS,1.678414547225599e-05,0,0,0,Calculada,Real / Calculada
2012,8,MG,MG_TRINGULO,4.6369540983038046e-05,0,0,0,Calculada,Real / Calculada
2012,8,MG,MG_NOROESTE,2.1724920676144898e-05,0,0,0,Calculada,Real / Calculada
2012,8,MG,MG_SUL,3.652508832721963e-05,0,0,0,Calculada,Real / Calculada
2012,8,MG,MG_OUTROS,1.6704604577270433e-05,0,0,0,Calculada,Real / Calculada
2012,9,MG,MG_TRINGULO,4.622046373639059e-05,0,0,0,Calculada,Real / Calculada
2012,9,MG,MG_NOROESTE,2.16550754439219e-05,0,0,0,Calculada,Real / Calculada
2012,9,MG,MG_SUL,3.6407660820154834e-05,0,0,0,Calculada,Real / Calculada
2012,9,MG,MG_OUTROS,1.6650899571701693e-05,0,0,0,Calculada,Real / Calculada
2012,10,MG,MG_TRINGULO,4.661495054605644e-05,0,0,0,Calculada,Real / Calculada
2012,10,MG,MG_NOROESTE,2.183989924131319e-05,0,0,0,Calculada,Real / Calculada
2012,10,MG,MG_SUL,3.671839638625067e-05,0,0,0,Calculada,Real / Calculada
2012,10,MG,MG_OUTROS,1.679301325293972e-05,0,0,0,Calculada,Real / Calculada
2012,11,MG,MG_TRINGULO,5.157550336813759e-05,0,0,0,Calculada,Real / Calculada
2012,11,MG,MG_NOROESTE,2.416400282924737e-05,0,0,0,Calculada,Real / Calculada
2012,11,MG,MG_SUL,4.0625802544198826e-05,0,0,0,Calculada,Real / Calculada
2012,11,MG,MG_OUTROS,1.8580049993455226e-05,0,0,0,Calculada,Real / Calculada
2012,12,MG,MG_TRINGULO,5.308595231593318e-05,0,0,0,Calculada,Real / Calculada
2012,12,MG,MG_NOROESTE,2.487167391851326e-05,0,0,0,Calculada,Real / Calculada
2012,12,MG,MG_SUL,4.181557669469497e-05,0,0,0,Calculada,Real / Calculada
2012,12,MG,MG_OUTROS,1.912418849196461e-05,0,0,0,Calculada,Real / Calculada
2013,1,MG,MG_TRINGULO,0.027126743009722103,0,0,0,Calculada,Real / Calculada
2013,1,MG,MG_NOROESTE,0.012709341684101554,0,0,0,Calculada,Real / Calculada
2013,1,MG,MG_SUL,0.021367618989852066,0,0,0,Calculada,Real / Calculada
2013,1,MG,MG_OUTROS,0.009772395970285785,0,0,0,Calculada,Real / Calculada
2013,2,MG,MG_TRINGULO,197.84362320444728,0,0,0,Calculada,Real / Calculada
2013,2,MG,MG_NOROESTE,92.69311123804252,0,0,0,Calculada,Real / Calculada
2013,2,MG,MG_SUL,155.8405724819005,0,0,0,Calculada,Real / Calculada
2013,2,MG,MG_OUTROS,71.2730689953068,0,0,0,Calculada,Real / Calculada
2013,3,MG,MG_TRINGULO,2198.396213539296,0,0,0,Calculada,Real / Calculada
2013,3,MG,MG_NOROESTE,1029.9861146209983,0,0,0,Calculada,Real / Calculada
2013,3,MG,MG_SUL,1731.6672577613056,0,0,0,Calculada,Real / Calculada
2013,3,MG,MG_OUTROS,791.9711662614019,0,0,0,Calculada,Real / Calculada
2013,4,MG,MG_TRINGULO,212.57367050756247,0,0,0,Calculada,Real / Calculada
2013,4,MG,MG_NOROESTE,99.59438958654071,0,0,0,Calculada,Real / Calculada
2013,4,MG,MG_SUL,167.44336749354858,0,0,0,Calculada,Real / Calculada
2013,4,MG,MG_OUTROS,76.57956136910529,0,0,0,Calculada,Real / Calculada
2013,5,MG,MG_TRINGULO,2.9805682754036806,0,0,0,Calculada,Real / Calculada
2013,5,MG,MG_NOROESTE,1.3964470637452597,0,0,0,Calculada,Real / Calculada
2013,5,MG,MG_SUL,2.3477808323410203,0,0,0,Calculada,Real / Calculada
2013,5,MG,MG_OUTROS,1.0737482709692605,0,0,0,Calculada,Real / Calculada
2013,6,MG,MG_TRINGULO,0.0,0,0,0,Calculada,Real / Calculada
2013,6,MG,MG_NOROESTE,0.0,0,0,0,Calculada,Real / Calculada
2013,6,MG,MG_SUL,0.0,0,0,0,Calculada,Real / Calculada
2013,6,MG,MG_OUTROS,0.0,0,0,0,Calculada,Real / Calculada
2013,7,MG,MG_TRINGULO,0.18372732140344356,0,0,0,Calculada,Real / Calculada
2013,7,MG,MG_NOROESTE,0.08607938312329778,0,0,0,Calculada,Real / Calculada
2013,7,MG,MG_SUL,0.1447212221669177,0,0,0,Calculada,Real / Calculada
2013,7,MG,MG_OUTROS,0.06618767814001592,0,0,0,Calculada,Real / Calculada
2013,8,MG,MG_TRINGULO,0.0,0,0,0,Calculada,Real / Calculada
2013,8,MG,MG_NOROESTE,0.0,0,0,0,Calculada,Real / Calculada
2013,8,MG,MG_SUL,0.0,0,0,0,Calculada,Real / Calculada
2013,8,MG,MG_OUTROS,0.0,0,0,0,Calculada,Real / Calculada
2013,9,MG,MG_TRINGULO,0.0375956804246947,0,0,0,Calculada,Real / Calculada
2013,9,MG,MG_NOROESTE,0.017614217386602068,0,0,0,Calculada,Real / Calculada
2013,9,MG,MG_SUL,0.029613956039293263,0,0,0,Calculada,Real / Calculada
2013,9,MG,MG_OUTROS,0.013543825580194579,0,0,0,Calculada,Real / Calculada
2013,10,MG,MG_TRINGULO,0.0022316951375800326,0,0,0,Calculada,Real / Calculada
2013,10,MG,MG_NOROESTE,0.0010455872283704445,0,0,0,Calculada,Real / Calculada
2013,10,MG,MG_SUL,0.0017578966772466998,0,0,0,Calculada,Real / Calculada
2013,10,MG,MG_OUTROS,0.0008039670874449337,0,0,0,Calculada,Real / Calculada
2013,11,MG,MG_TRINGULO,0.023095330198296623,0,0,0,Calculada,Real / Calculada
2013,11,MG,MG_NOROESTE,0.010820556035499806,0,0,0,Calculada,Real / Calculada
2013,11,MG,MG_SUL,0.018192092428684175,0,0,0,Calculada,Real / Calculada
2013,11,MG,MG_OUTROS,0.008320081466520505,0,0,0,Calculada,Real / Calculada
2013,12,MG,MG_TRINGULO,0.013075635860282233,0,0,0,Calculada,Real / Calculada
2013,12,MG,MG_NOROESTE,0.006126158375358919,0,0,0,Calculada,Real / Calculada
2013,12,MG,MG_SUL,0.010299622221968311,0,0,0,Calculada,Real / Calculada
2013,12,MG,MG_OUTROS,0.004710491456499238,0,0,0,Calculada,Real / Calculada
2014,1,MG,MG_TRINGULO,0.18071342462527162,0,0,0,Calculada,Real / Calculada
2014,1,MG,MG_NOROESTE,0.08466732108766484,0,0,0,Calculada,Real / Calculada
2014,1,MG,MG_SUL,0.14234718861605467,0,0,0,Calculada,Real / Calculada
2014,1,MG,MG_OUTROS,0.06510192329214093,0,0,0,Calculada,Real / Calculada
2014,2,MG,MG_TRINGULO,1284.6675837122023,0,0,0,Calculada,Real / Calculada
2014,2,MG,MG_NOROESTE,601.8886700123156,0,0,0,Calculada,Real / Calculada
2014,2,MG,MG_SUL,1011.927139485126,0,0,0,Calculada,Real / Calculada
2014,2,MG,MG_OUTROS,462.80087195600686,0,0,0,Calculada,Real / Calculada
2014,3,MG,MG_TRINGULO,888.7020733134854,0,0,0,Calculada,Real / Calculada
2014,3,MG,MG_NOROESTE,416.3720761118481,0,0,0,Calculada,Real / Calculada
2014,3,MG,MG_SUL,700.0268071713733,0,0,0,Calculada,Real / Calculada
2014,3,MG,MG_OUTROS,320.1544894984537,0,0,0,Calculada,Real / Calculada
2014,4,MG,MG_TRINGULO,10.66416679564493,0,0,0,Calculada,Real / Calculada
2014,4,MG,MG_NOROESTE,4.996343996532382,0,0,0,Calculada,Real / Calculada
2014,4,MG,MG_SUL,8.400118394305784,0,0,0,Calculada,Real / Calculada
2014,4,MG,MG_OUTROS,3.841760899303908,0,0,0,Calculada,Real / Calculada
2014,5,MG,MG_TRINGULO,10.274455824500745,0,0,0,Calculada,Real / Calculada
2014,5,MG,MG_NOROESTE,4.813757760929406,0,0,0,Calculada,Real / Calculada
2014,5,MG,MG_SUL,8.0931447357066,0,0,0,Calculada,Real / Calculada
2014,5,MG,MG_OUTROS,3.7013677115695502,0,0,0,Calculada,Real / Calculada
2014,6,MG,MG_TRINGULO,0.0,0,0,0,Calculada,Real / Calculada
2014,6,MG,MG_NOROESTE,0.0,0,0,0,Calculada,Real / Calculada
2014,6,MG,MG_SUL,0.0,0,0,0,Calculada,Real / Calculada
2014,6,MG,MG_OUTROS,0.0,0,0,0,Calculada,Real / Calculada
2014,7,MG,MG_TRINGULO,0.21110649632526182,0,0,0,Calculada,Real / Calculada
2014,7,MG,MG_NOROESTE,0.09890699346286054,0,0,0,Calculada,Real / Calculada
2014,7,MG,MG_SUL,0.1662876806900163,0,0,0,Calculada,Real / Calculada
2014,7,MG,MG_OUTROS,0.07605101258380942,0,0,0,Calculada,Real / Calculada
2014,8,MG,MG_TRINGULO,0.0,0,0,0,Calculada,Real / Calculada
2014,8,MG,MG_NOROESTE,0.0,0,0,0,Calculada,Real / Calculada
2014,8,MG,MG_SUL,0.0,0,0,0,Calculada,Real / Calculada
2014,8,MG,MG_OUTROS,0.0,0,0,0,Calculada,Real / Calculada
2014,9,MG,MG_TRINGULO,0.039161104550614195,0,0,0,Calculada,Real / Calculada
2014,9,MG,MG_NOROESTE,0.01834764528429389,0,0,0,Calculada,Real / Calculada
2014,9,MG,MG_SUL,0.030847033901540925,0,0,0,Calculada,Real / Calculada
2014,9,MG,MG_OUTROS,0.01410776885987401,0,0,0,Calculada,Real / Calculada
2014,10,MG,MG_TRINGULO,0.010479871487310895,0,0,0,Calculada,Real / Calculada
2014,10,MG,MG_NOROESTE,0.004909998501846395,0,0,0,Calculada,Real / Calculada
2014,10,MG,MG_SUL,0.008254949771272505,0,0,0,Calculada,Real / Calculada
2014,10,MG,MG_OUTROS,0.0037753686041485097,0,0,0,Calculada,Real / Calculada
2014,11,MG,MG_TRINGULO,0.022972560958938754,0,0,0,Calculada,Real / Calculada
2014,11,MG,MG_NOROESTE,0.010763036553314379,0,0,0,Calculada,Real / Calculada
2014,11,MG,MG_SUL,0.018095387625998032,0,0,0,Calculada,Real / Calculada
2014,11,MG,MG_OUTROS,0.008275853907777242,0,0,0,Calculada,Real / Calculada
2014,12,MG,MG_TRINGULO,0.0,0,0,0,Calculada,Real / Calculada
2014,12,MG,MG_NOROESTE,0.0,0,0,0,Calculada,Real / Calculada
2014,12,MG,MG_SUL,0.0,0,0,0,Calculada,Real / Calculada
2014,12,MG,MG_OUTROS,0.0,0,0,0,Calculada,Real / Calculada
2015,1,MG,MG_TRINGULO,3.323775284018059,0,0,0,Calculada,Real / Calculada
2015,1,MG,MG_NOROESTE,1.5572453998851798,0,0,0,Calculada,Real / Calculada
2015,1,MG,MG_SUL,2.6181235193377828,0,0,0,Calculada,Real / Calculada
2015,1,MG,MG_OUTROS,1.1973884288295296,0,0,0,Calculada,Real / Calculada
2015,2,MG,MG_TRINGULO,467.22197464690083,0,0,0,Calculada,Real / Calculada
2015,2,MG,MG_NOROESTE,218.90146251541933,0,0,0,Calculada,Real / Calculada
2015,2,MG,MG_SUL,368.0287432355328,0,0,0,Calculada,Real / Calculada
2015,2,MG,MG_OUTROS,168.3164890319472,0,0,0,Calculada,Real / Calculada
2015,3,MG,MG_TRINGULO,1571.3569384261364,0,0,0,Calculada,Real / Calculada
2015,3,MG,MG_NOROESTE,736.207521521622,0,0,0,Calculada,Real / Calculada
2015,3,MG,MG_SUL,1237.7511131843794,0,0,0,Calculada,Real / Calculada
2015,3,MG,MG_OUTROS,566.0805724982424,0,0,0,Calculada,Real / Calculada
2015,4,MG,MG_TRINGULO,35.56840772308687,0,0,0,Calculada,Real / Calculada
2015,4,MG,MG_NOROESTE,16.66440555543784,0,0,0,Calculada,Real / Calculada
2015,4,MG,MG_SUL,28.017082037097005,0,0,0,Calculada,Real / Calculada
2015,4,MG,MG_OUTROS,12.813501575843503,0,0,0,Calculada,Real / Calculada
2015,5,MG,MG_TRINGULO,5.583661774806601,0,0,0,Calculada,Real / Calculada
2015,5,MG,MG_NOROESTE,2.6160407579723293,0,0,0,Calculada,Real / Calculada
2015,5,MG,MG_SUL,4.398226404456613,0,0,0,Calculada,Real / Calculada
2015,5,MG,MG_OUTROS,2.0115114375508583,0,0,0,Calculada,Real / Calculada
2015,6,MG,MG_TRINGULO,2.662751414311212,0,0,0,Calculada,Real / Calculada
2015,6,MG,MG_NOROESTE,1.2475444446897697,0,0,0,Calculada,Real / Calculada
2015,6,MG,MG_SUL,2.0974378555250883,0,0,0,Calculada,Real / Calculada
2015,6,MG,MG_OUTROS,0.9592549013997622,0,0,0,Calculada,Real / Calculada
2015,7,MG,MG_TRINGULO,0.5466626880581291,0,0,0,Calculada,Real / Calculada
2015,7,MG,MG_NOROESTE,0.25612079142675376,0,0,0,Calculada,Real / Calculada
2015,7,MG,MG_SUL,0.4306038520808813,0,0,0,Calculada,Real / Calculada
2015,7,MG,MG_OUTROS,0.1969349673851459,0,0,0,Calculada,Real / Calculada
2015,8,MG,MG_TRINGULO,0.0,0,0,0,Calculada,Real / Calculada
2015,8,MG,MG_NOROESTE,0.0,0,0,0,Calculada,Real / Calculada
2015,8,MG,MG_SUL,0.0,0,0,0,Calculada,Real / Calculada
2015,8,MG,MG_OUTROS,0.0,0,0,0,Calculada,Real / Calculada
2015,9,MG,MG_TRINGULO,0.17189589686197398,0,0,0,Calculada,Real / Calculada
2015,9,MG,MG_NOROESTE,0.08053615896795743,0,0,0,Calculada,Real / Calculada
2015,9,MG,MG_SUL,0.1354016598582874,0,0,0,Calculada,Real / Calculada
2015,9,MG,MG_OUTROS,0.06192541320572729,0,0,0,Calculada,Real / Calculada
2015,10,MG,MG_TRINGULO,0.07711283700556894,0,0,0,Calculada,Real / Calculada
2015,10,MG,MG_NOROESTE,0.036128679118719094,0,0,0,Calculada,Real / Calculada
2015,10,MG,MG_SUL,0.06074145059622629,0,0,0,Calculada,Real / Calculada
2015,10,MG,MG_OUTROS,0.02777986201072675,0,0,0,Calculada,Real / Calculada
2015,11,MG,MG_TRINGULO,0.09462425677322599,0,0,0,Calculada,Real / Calculada
2015,11,MG,MG_NOROESTE,0.04433307789674858,0,0,0,Calculada,Real / Calculada
2015,11,MG,MG_SUL,0.07453512075532191,0,0,0,Calculada,Real / Calculada
2015,11,MG,MG_OUTROS,0.03408834246155355,0,0,0,Calculada,Real / Calculada
2015,12,MG,MG_TRINGULO,0.03264001625986872,0,0,0,Calculada,Real / Calculada
2015,12,MG,MG_NOROESTE,0.01529240421795671,0,0,0,Calculada,Real / Calculada
2015,12,MG,MG_SUL,0.025710400655673697,0,0,0,Calculada,Real / Calculada
2015,12,MG,MG_OUTROS,0.011758549976076588,0,0,0,Calculada,Real / Calculada
2016,1,MG,MG_TRINGULO,7.186864706826534,0,0,0,Calculada,Real / Calculada
2016,1,MG,MG_NOROESTE,2.5083716457834186,0,0,0,Calculada,Real / Calculada
2016,1,MG,MG_SUL,7.0764563084345316,0,0,0,Calculada,Real / Calculada
2016,1,MG,MG_OUTROS,2.883840655524716,0,0,0,Calculada,Real / Calculada
2016,2,MG,MG_TRINGULO,196.18558411633893,0,0,0,Calculada,Real / Calculada
2016,2,MG,MG_NOROESTE,68.47302357611504,0,0,0,Calculada,Real / Calculada
2016,2,MG,MG_SUL,193.1716779119672,0,0,0,Calculada,Real / Calculada
2016,2,MG,MG_OUTROS,78.72250092104285,0,0,0,Calculada,Real / Calculada
2016,3,MG,MG_TRINGULO,1455.7409184244996,0,0,0,Calculada,Real / Calculada
2016,3,MG,MG_NOROESTE,508.08515150066296,0,0,0,Calculada,Real / Calculada
2016,3,MG,MG_SUL,1433.3770602146344,0,0,0,Calculada,Real / Calculada
2016,3,MG,MG_OUTROS,584.1385660809531,0,0,0,Calculada,Real / Calculada
2016,4,MG,MG_TRINGULO,154.18749412917265,0,0,0,Calculada,Real / Calculada
2016,4,MG,MG_NOROESTE,53.814779348864825,0,0,0,Calculada,Real / Calculada
2016,4,MG,MG_SUL,151.81878468864178,0,0,0,Calculada,Real / Calculada
2016,4,MG,MG_OUTROS,61.87011753829569,0,0,0,Calculada,Real / Calculada
2016,5,MG,MG_TRINGULO,50.687913453292374,0,0,0,Calculada,Real / Calculada
2016,5,MG,MG_NOROESTE,17.6911810750233,0,0,0,Calculada,Real / Calculada
2016,5,MG,MG_SUL,49.909219047525326,0,0,0,Calculada,Real / Calculada
2016,5,MG,MG_OUTROS,20.339309493536977,0,0,0,Calculada,Real / Calculada
2016,6,MG,MG_TRINGULO,3.517659663714774,0,0,0,Calculada,Real / Calculada
2016,6,MG,MG_NOROESTE,1.2277395108881024,0,0,0,Calculada,Real / Calculada
2016,6,MG,MG_SUL,3.463619524460449,0,0,0,Calculada,Real / Calculada
2016,6,MG,MG_OUTROS,1.4115153637001554,0,0,0,Calculada,Real / Calculada
2016,7,MG,MG_TRINGULO,0.0,0,0,0,Calculada,Real / Calculada
2016,7,MG,MG_NOROESTE,0.0,0,0,0,Calculada,Real / Calculada
2016,7,MG,MG_SUL,0.0,0,0,0,Calculada,Real / Calculada
2016,7,MG,MG_OUTROS,0.0,0,0,0,Calculada,Real / Calculada
2016,8,MG,MG_TRINGULO,0.13607536686234037,0,0,0,Calculada,Real / Calculada
2016,8,MG,MG_NOROESTE,0.047493254131089575,0,0,0,Calculada,Real / Calculada
2016,8,MG,MG_SUL,0.13398490545409866,0,0,0,Calculada,Real / Calculada
2016,8,MG,MG_OUTROS,0.05460234624986235,0,0,0,Calculada,Real / Calculada
2016,9,MG,MG_TRINGULO,0.00877443484361532,0,0,0,Calculada,Real / Calculada
2016,9,MG,MG_NOROESTE,0.0030624680535022023,0,0,0,Calculada,Real / Calculada
2016,9,MG,MG_SUL,0.008639637357173373,0,0,0,Calculada,Real / Calculada
2016,9,MG,MG_OUTROS,0.003520877735076204,0,0,0,Calculada,Real / Calculada
2016,10,MG,MG_TRINGULO,0.04760850826792494,0,0,0,Calculada,Real / Calculada
2016,10,MG,MG_NOROESTE,0.016616401881598793,0,0,0,Calculada,Real / Calculada
2016,10,MG,MG_SUL,0.046877121305443074,0,0,0,Calculada,Real / Calculada
2016,10,MG,MG_OUTROS,0.019103650519748175,0,0,0,Calculada,Real / Calculada
2016,11,MG,MG_TRINGULO,0.042561087874821206,0,0,0,Calculada,Real / Calculada
2016,11,MG,MG_NOROESTE,0.014854742699899661,0,0,0,Calculada,Real / Calculada
2016,11,MG,MG_SUL,0.041907242041099475,0,0,0,Calculada,Real / Calculada
2016,11,MG,MG_OUTROS,0.01707829499561664,0,0,0,Calculada,Real / Calculada
2016,12,MG,MG_TRINGULO,0.0028851836464859606,0,0,0,Calculada,Real / Calculada
2016,12,MG,MG_NOROESTE,0.0010069916642300406,0,0,0,Calculada,Real / Calculada
2016,12,MG,MG_SUL,0.002840859936708492,0,0,0,Calculada,Real / Calculada
2016,12,MG,MG_OUTROS,0.0011577245764050653,0,0,0,Calculada,Real / Calculada
2017,1,MG,MG_TRINGULO,2.537264624925606,0,0,0,Calculada,Real / Calculada
2017,1,MG,MG_NOROESTE,1.0189807519062133,0,0,0,Calculada,Real / Calculada
2017,1,MG,MG_SUL,1.7731687627755977,0,0,0,Calculada,Real / Calculada
2017,1,MG,MG_OUTROS,0.8398187090657124,0,0,0,Calculada,Real / Calculada
2017,2,MG,MG_TRINGULO,181.08309996233575,0,0,0,Calculada,Real / Calculada
2017,2,MG,MG_NOROESTE,72.72406336510488,0,0,0,Calculada,Real / Calculada
2017,2,MG,MG_SUL,126.55002287323472,0,0,0,Calculada,Real / Calculada
2017,2,MG,MG_OUTROS,59.93737261380261,0,0,0,Calculada,Real / Calculada
2017,3,MG,MG_TRINGULO,1882.5630940937626,0,0,0,Calculada,Real / Calculada
2017,3,MG,MG_NOROESTE,756.0486747363985,0,0,0,Calculada,Real / Calculada
2017,3,MG,MG_SUL,1315.6302419575622,0,0,0,Calculada,Real / Calculada
2017,3,MG,MG_OUTROS,623.1166004069967,0,0,0,Calculada,Real / Calculada
2017,4,MG,MG_TRINGULO,222.50032452722922,0,0,0,Calculada,Real / Calculada
2017,4,MG,MG_NOROESTE,89.35747015066674,0,0,0,Calculada,Real / Calculada
2017,4,MG,MG_SUL,155.49447278116838,0,0,0,Calculada,Real / Calculada
2017,4,MG,MG_OUTROS,73.64621469730953,0,0,0,Calculada,Real / Calculada
2017,5,MG,MG_TRINGULO,88.33729193860744,0,0,0,Calculada,Real / Calculada
2017,5,MG,MG_NOROESTE,35.47678837937534,0,0,0,Calculada,Real / Calculada
2017,5,MG,MG_SUL,61.73456450500114,0,0,0,Calculada,Real / Calculada
2017,5,MG,MG_OUTROS,29.23909069217306,0,0,0,Calculada,Real / Calculada
2017,6,MG,MG_TRINGULO,6.548297608785036,0,0,0,Calculada,Real / Calculada
2017,6,MG,MG_NOROESTE,2.6298357512871084,0,0,0,Calculada,Real / Calculada
2017,6,MG,MG_SUL,4.576281344558696,0,0,0,Calculada,Real / Calculada
2017,6,MG,MG_OUTROS,2.1674455200151566,0,0,0,Calculada,Real / Calculada
2017,7,MG,MG_TRINGULO,0.0,0,0,0,Calculada,Real / Calculada
2017,7,MG,MG_NOROESTE,0.0,0,0,0,Calculada,Real / Calculada
2017,7,MG,MG_SUL,0.0,0,0,0,Calculada,Real / Calculada
2017,7,MG,MG_OUTROS,0.0,0,0,0,Calculada,Real / Calculada
2017,8,MG,MG_TRINGULO,0.3139937558752257,0,0,0,Calculada,Real / Calculada
2017,8,MG,MG_NOROESTE,0.1261017831220402,0,0,0,Calculada,Real / Calculada
2017,8,MG,MG_SUL,0.21943470702858267,0,0,0,Calculada,Real / Calculada
2017,8,MG,MG_OUTROS,0.10392996777841344,0,0,0,Calculada,Real / Calculada
2017,9,MG,MG_TRINGULO,0.0,0,0,0,Calculada,Real / Calculada
2017,9,MG,MG_NOROESTE,0.0,0,0,0,Calculada,Real / Calculada
2017,9,MG,MG_SUL,0.0,0,0,0,Calculada,Real / Calculada
2017,9,MG,MG_OUTROS,0.0,0,0,0,Calculada,Real / Calculada
2017,10,MG,MG_TRINGULO,0.07250579042979745,0,0,0,Calculada,Real / Calculada
2017,10,MG,MG_NOROESTE,0.029118762041572856,0,0,0,Calculada,Real / Calculada
2017,10,MG,MG_SUL,0.050670711067136054,0,0,0,Calculada,Real / Calculada
2017,10,MG,MG_OUTROS,0.023998962788647618,0,0,0,Calculada,Real / Calculada
2017,11,MG,MG_TRINGULO,0.011460880207319373,0,0,0,Calculada,Real / Calculada
2017,11,MG,MG_NOROESTE,0.0046027585047435675,0,0,0,Calculada,Real / Calculada
2017,11,MG,MG_SUL,0.008009442364778047,0,0,0,Calculada,Real / Calculada
2017,11,MG,MG_OUTROS,0.0037934796102515093,0,0,0,Calculada,Real / Calculada
2017,12,MG,MG_TRINGULO,0.007196628731459287,0,0,0,Calculada,Real / Calculada
2017,12,MG,MG_NOROESTE,0.0028902094341804246,0,0,0,Calculada,Real / Calculada
2017,12,MG,MG_SUL,0.0050293679021718675,0,0,0,Calculada,Real / Calculada
2017,12,MG,MG_OUTROS,0.0023820390634487184,0,0,0,Calculada,Real / Calculada
2018,1,MG,MG_TRINGULO,1.8259166582548527,0,0,0,Calculada,Real / Calculada
2018,1,MG,MG_NOROESTE,0.7658076840219163,0,0,0,Calculada,Real / Calculada
2018,1,MG,MG_SUL,1.0238214699505714,0,0,0,Calculada,Real / Calculada
2018,1,MG,MG_OUTROS,0.5776588920885489,0,0,0,Calculada,Real / Calculada
2018,2,MG,MG_TRINGULO,315.7080075216487,0,0,0,Calculada,Real / Calculada
2018,2,MG,MG_NOROESTE,132.4110916970353,0,0,0,Calculada,Real / Calculada
2018,2,MG,MG_SUL,177.0226668751196,0,0,0,Calculada,Real / Calculada
2018,2,MG,MG_OUTROS,99.8794424838334,0,0,0,Calculada,Real / Calculada
2018,3,MG,MG_TRINGULO,179.54068475154872,0,0,0,Calculada,Real / Calculada
2018,3,MG,MG_NOROESTE,75.30115646609201,0,0,0,Calculada,Real / Calculada
2018,3,MG,MG_SUL,100.67141177952185,0,0,0,Calculada,Real / Calculada
2018,3,MG,MG_OUTROS,56.8006609554264,0,0,0,Calculada,Real / Calculada
2018,4,MG,MG_TRINGULO,1481.633136156538,0,0,0,Calculada,Real / Calculada
2018,4,MG,MG_NOROESTE,621.4117360945828,0,0,0,Calculada,Real / Calculada
2018,4,MG,MG_SUL,830.7760425588583,0,0,0,Calculada,Real / Calculada
2018,4,MG,MG_OUTROS,468.7391136087705,0,0,0,Calculada,Real / Calculada
2018,5,MG,MG_TRINGULO,368.2848557011894,0,0,0,Calculada,Real / Calculada
2018,5,MG,MG_NOROESTE,154.46234696956705,0,0,0,Calculada,Real / Calculada
2018,5,MG,MG_SUL,206.50336948286812,0,0,0,Calculada,Real / Calculada
2018,5,MG,MG_OUTROS,116.5129967764643,0,0,0,Calculada,Real / Calculada
2018,6,MG,MG_TRINGULO,1.9528811167271865,0,0,0,Calculada,Real / Calculada
2018,6,MG,MG_NOROESTE,0.8190578460466849,0,0,0,Calculada,Real / Calculada
2018,6,MG,MG_SUL,1.095012527832075,0,0,0,Calculada,Real / Calculada
2018,6,MG,MG_OUTROS,0.6178261954997839,0,0,0,Calculada,Real / Calculada
2018,7,MG,MG_TRINGULO,0.0,0,0,0,Calculada,Real / Calculada
2018,7,MG,MG_NOROESTE,0.0,0,0,0,Calculada,Real / Calculada
2018,7,MG,MG_SUL,0.0,0,0,0,Calculada,Real / Calculada
2018,7,MG,MG_OUTROS,0.0,0,0,0,Calculada,Real / Calculada
2018,8,MG,MG_TRINGULO,0.32768022116226214,0,0,0,Calculada,Real / Calculada
2018,8,MG,MG_NOROESTE,0.13743235767830775,0,0,0,Calculada,Real / Calculada
2018,8,MG,MG_SUL,0.18373568376594,0,0,0,Calculada,Real / Calculada
2018,8,MG,MG_OUTROS,0.1036670500048109,0,0,0,Calculada,Real / Calculada
2018,9,MG,MG_TRINGULO,0.08992822741790399,0,0,0,Calculada,Real / Calculada
2018,9,MG,MG_NOROESTE,0.037716796796696414,0,0,0,Calculada,Real / Calculada
2018,9,MG,MG_SUL,0.050424234626921825,0,0,0,Calculada,Real / Calculada
2018,9,MG,MG_OUTROS,0.028450280018455724,0,0,0,Calculada,Real / Calculada
2018,10,MG,MG_TRINGULO,0.11384522758785977,0,0,0,Calculada,Real / Calculada
2018,10,MG,MG_NOROESTE,0.047747825554827816,0,0,0,Calculada,Real / Calculada
2018,10,MG,MG_SUL,0.0638348895766476,0,0,0,Calculada,Real / Calculada
2018,10,MG,MG_OUTROS,0.03601681804076777,0,0,0,Calculada,Real / Calculada
2018,11,MG,MG_TRINGULO,0.09194461398336938,0,0,0,Calculada,Real / Calculada
2018,11,MG,MG_NOROESTE,0.03856248946224656,0,0,0,Calculada,Real / Calculada
2018,11,MG,MG_SUL,0.05155485570325094,0,0,0,Calculada,Real / Calculada
2018,11,MG,MG_OUTROS,0.029088197211534095,0,0,0,Calculada,Real / Calculada
2018,12,MG,MG_TRINGULO,0.07888896987853074,0,0,0,Calculada,Real / Calculada
2018,12,MG,MG_NOROESTE,0.033086821922799985,0,0,0,Calculada,Real / Calculada
2018,12,MG,MG_SUL,0.04423434155046218,0,0,0,Calculada,Real / Calculada
2018,12,MG,MG_OUTROS,0.024957828569018074,0,0,0,Calculada,Real / Calculada
2019,1,MG,MG_TRINGULO,0.6662048722860765,0,0,0,Calculada,Real / Calculada
2019,1,MG,MG_NOROESTE,0.30746160088532853,0,0,0,Calculada,Real / Calculada
2019,1,MG,MG_SUL,0.35614142180378827,0,0,0,Calculada,Real / Calculada
2019,1,MG,MG_OUTROS,0.19680002605367694,0,0,0,Calculada,Real / Calculada
2019,2,MG,MG_TRINGULO,27.89893631910783,0,0,0,Calculada,Real / Calculada
2019,2,MG,MG_NOROESTE,12.875696321817493,0,0,0,Calculada,Real / Calculada
2019,2,MG,MG_SUL,14.91428126817089,0,0,0,Calculada,Real / Calculada
2019,2,MG,MG_OUTROS,8.241475892587891,0,0,0,Calculada,Real / Calculada
2019,3,MG,MG_TRINGULO,1167.6981618318878,0,0,0,Calculada,Real / Calculada
2019,3,MG,MG_NOROESTE,538.9068154901141,0,0,0,Calculada,Real / Calculada
2019,3,MG,MG_SUL,624.2309248886742,0,0,0,Calculada,Real / Calculada
2019,3,MG,MG_OUTROS,344.943482449744,0,0,0,Calculada,Real / Calculada
2019,4,MG,MG_TRINGULO,530.9857572036778,0,0,0,Calculada,Real / Calculada
2019,4,MG,MG_NOROESTE,245.0563449002311,0,0,0,Calculada,Real / Calculada
2019,4,MG,MG_SUL,283.85565821391134,0,0,0,Calculada,Real / Calculada
2019,4,MG,MG_OUTROS,156.85566887739972,0,0,0,Calculada,Real / Calculada
2012,1,PR,PR,0.0,0,0,0,Calculada,Real / Calculada
2012,2,PR,PR,1831.38431138742,0,0,0,Calculada,Real / Calculada
2012,3,PR,PR,2964.16525678411,0,0,0,Calculada,Real / Calculada
2012,4,PR,PR,1642.14546352935,0,0,0,Calculada,Real / Calculada
2012,5,PR,PR,141.24823679768,0,0,0,Calculada,Real / Calculada
2012,6,PR,PR,0.0,0,0,0,Calculada,Real / Calculada
2012,7,PR,PR,0.0,0,0,0,Calculada,Real / Calculada
2012,8,PR,PR,0.0,0,0,0,Calculada,Real / Calculada
2012,9,PR,PR,1.36825868852201e-05,0,0,0,Calculada,Real / Calculada
2012,10,PR,PR,1.0627264230439098e-05,0,0,0,Calculada,Real / Calculada
2012,11,PR,PR,7.19160037278727e-06,0,0,0,Calculada,Real / Calculada
2012,12,PR,PR,0.0,0,0,0,Calculada,Real / Calculada
2013,1,PR,PR,11.195795578385802,0,0,0,Calculada,Real / Calculada
2013,2,PR,PR,2407.66799724454,0,0,0,Calculada,Real / Calculada
2013,3,PR,PR,3743.10124987552,0,0,0,Calculada,Real / Calculada
2013,4,PR,PR,907.623204757827,0,0,0,Calculada,Real / Calculada
2013,5,PR,PR,86.925554368333,0,0,0,Calculada,Real / Calculada
2013,6,PR,PR,0.0,0,0,0,Calculada,Real / Calculada
2013,7,PR,PR,0.0,0,0,0,Calculada,Real / Calculada
2013,8,PR,PR,0.0,0,0,0,Calculada,Real / Calculada
2013,9,PR,PR,0.0,0,0,0,Calculada,Real / Calculada
2013,10,PR,PR,0.00028448556417816,0,0,0,Calculada,Real / Calculada
2013,11,PR,PR,0.0009136898373601391,0,0,0,Calculada,Real / Calculada
2013,12,PR,PR,0.0,0,0,0,Calculada,Real / Calculada
2014,1,PR,PR,12.8869513803602,0,0,0,Calculada,Real / Calculada
2014,2,PR,PR,1999.1872814763897,0,0,0,Calculada,Real / Calculada
2014,3,PR,PR,2739.91128479709,0,0,0,Calculada,Real / Calculada
2014,4,PR,PR,642.77766227994,0,0,0,Calculada,Real / Calculada
2014,5,PR,PR,30.6068415563658,0,0,0,Calculada,Real / Calculada
2014,6,PR,PR,0.0,0,0,0,Calculada,Real / Calculada
2014,7,PR,PR,0.0,0,0,0,Calculada,Real / Calculada
2014,8,PR,PR,0.0,0,0,0,Calculada,Real / Calculada
2014,9,PR,PR,0.0,0,0,0,Calculada,Real / Calculada
2014,10,PR,PR,0.000311580732767929,0,0,0,Calculada,Real / Calculada
2014,11,PR,PR,0.000866929121737919,0,0,0,Calculada,Real / Calculada
2014,12,PR,PR,0.0,0,0,0,Calculada,Real / Calculada
2015,1,PR,PR,11.697808866592501,0,0,0,Calculada,Real / Calculada
2015,2,PR,PR,1586.05305166055,0,0,0,Calculada,Real / Calculada
2015,3,PR,PR,2483.66892142493,0,0,0,Calculada,Real / Calculada
2015,4,PR,PR,545.701061448395,0,0,0,Calculada,Real / Calculada
2015,5,PR,PR,56.28165659953871,0,0,0,Calculada,Real / Calculada
2015,6,PR,PR,0.0,0,0,0,Calculada,Real / Calculada
2015,7,PR,PR,0.0,0,0,0,Calculada,Real / Calculada
2015,8,PR,PR,0.0,0,0,0,Calculada,Real / Calculada
2015,9,PR,PR,0.0,0,0,0,Calculada,Real / Calculada
2015,10,PR,PR,0.0,0,0,0,Calculada,Real / Calculada
2015,11,PR,PR,0.0,0,0,0,Calculada,Real / Calculada
2015,12,PR,PR,0.0,0,0,0,Calculada,Real / Calculada
2016,1,PR,PR,485.19346051509905,0,0,0,Calculada,Real / Calculada
2016,2,PR,PR,1322.72587652231,0,0,0,Calculada,Real / Calculada
2016,3,PR,PR,1377.19039423015,0,0,0,Calculada,Real / Calculada
2016,4,PR,PR,106.968788942223,0,0,0,Calculada,Real / Calculada
2016,5,PR,PR,1.25866768703039,0,0,0,Calculada,Real / Calculada
2016,6,PR,PR,0.0,0,0,0,Calculada,Real / Calculada
2016,7,PR,PR,0.0,0,0,0,Calculada,Real / Calculada
2016,8,PR,PR,0.0,0,0,0,Calculada,Real / Calculada
2016,9,PR,PR,0.00011210318133748799,0,0,0,Calculada,Real / Calculada
2016,10,PR,PR,0.0,0,0,0,Calculada,Real / Calculada
2016,11,PR,PR,0.0,0,0,0,Calculada,Real / Calculada
2016,12,PR,PR,0.0,0,0,0,Calculada,Real / Calculada
2017,1,PR,PR,101.20979245529101,0,0,0,Calculada,Real / Calculada
2017,2,PR,PR,1767.57293436158,0,0,0,Calculada,Real / Calculada
2017,3,PR,PR,2089.72383275474,0,0,0,Calculada,Real / Calculada
2017,4,PR,PR,726.020275033406,0,0,0,Calculada,Real / Calculada
2017,5,PR,PR,8.138275782685879,0,0,0,Calculada,Real / Calculada
2017,6,PR,PR,0.0,0,0,0,Calculada,Real / Calculada
2017,7,PR,PR,0.0,0,0,0,Calculada,Real / Calculada
2017,8,PR,PR,0.00589162994220017,0,0,0,Calculada,Real / Calculada
2017,9,PR,PR,0.0,0,0,0,Calculada,Real / Calculada
2017,10,PR,PR,9.79823493090165e-05,0,0,0,Calculada,Real / Calculada
2017,11,PR,PR,0.0,0,0,0,Calculada,Real / Calculada
2017,12,PR,PR,0.0,0,0,0,Calculada,Real / Calculada
2018,1,PR,PR,200.761199968735,0,0,0,Calculada,Real / Calculada
2018,2,PR,PR,830.219236429968,0,0,0,Calculada,Real / Calculada
2018,3,PR,PR,1487.46459513327,0,0,0,Calculada,Real / Calculada
2018,4,PR,PR,350.561263962589,0,0,0,Calculada,Real / Calculada
2018,5,PR,PR,17.8286036163035,0,0,0,Calculada,Real / Calculada
2018,6,PR,PR,0.0,0,0,0,Calculada,Real / Calculada
2018,7,PR,PR,0.000423184043181542,0,0,0,Calculada,Real / Calculada
2018,8,PR,PR,0.00318051041174486,0,0,0,Calculada,Real / Calculada
2018,9,PR,PR,0.0,0,0,0,Calculada,Real / Calculada
2018,10,PR,PR,0.0012851763985365,0,0,0,Calculada,Real / Calculada
2018,11,PR,PR,0.000212018285598824,0,0,0,Calculada,Real / Calculada
2018,12,PR,PR,0.0,0,0,0,Calculada,Real / Calculada
2019,1,PR,PR,91.01009371637079,0,0,0,Calculada,Real / Calculada
2019,2,PR,PR,978.3209568111571,0,0,0,Calculada,Real / Calculada
2019,3,PR,PR,1722.63756474091,0,0,0,Calculada,Real / Calculada
2019,4,PR,PR,320.824699255516,0,0,0,Calculada,Real / Calculada
2012,1,RS,RS,2.2313231135229396e-05,0,0,0,Calculada,Real / Calculada
2012,2,RS,RS,2152.79849830498,0,0,0,Calculada,Real / Calculada
2012,3,RS,RS,1095.7992770079302,0,0,0,Calculada,Real / Calculada
2012,4,RS,RS,91.3908506272509,0,0,0,Calculada,Real / Calculada
2012,5,RS,RS,2.73669557558227,0,0,0,Calculada,Real / Calculada
2012,6,RS,RS,0.000133887461950865,0,0,0,Calculada,Real / Calculada
2012,7,RS,RS,0.000156202924584344,0,0,0,Calculada,Real / Calculada
2012,8,RS,RS,0.000178519603537112,0,0,0,Calculada,Real / Calculada
2012,9,RS,RS,0.000301960840809994,0,0,0,Calculada,Real / Calculada
2012,10,RS,RS,0.000304274969523023,0,0,0,Calculada,Real / Calculada
2012,11,RS,RS,0.000313533997718977,0,0,0,Calculada,Real / Calculada
2012,12,RS,RS,0.00026779122776953904,0,0,0,Calculada,Real / Calculada
2013,1,RS,RS,0.481041934198795,0,0,0,Calculada,Real / Calculada
2013,2,RS,RS,5302.8959154409295,0,0,0,Calculada,Real / Calculada
2013,3,RS,RS,57.392661675578296,0,0,0,Calculada,Real / Calculada
2013,4,RS,RS,22.5212388774535,0,0,0,Calculada,Real / Calculada
2013,5,RS,RS,0.0489099828168029,0,0,0,Calculada,Real / Calculada
2013,6,RS,RS,0.0172214131971905,0,0,0,Calculada,Real / Calculada
2013,7,RS,RS,0.0313445000800928,0,0,0,Calculada,Real / Calculada
2013,8,RS,RS,0.0245920671477992,0,0,0,Calculada,Real / Calculada
2013,9,RS,RS,0.0278495192379474,0,0,0,Calculada,Real / Calculada
2013,10,RS,RS,0.0259444063799247,0,0,0,Calculada,Real / Calculada
2013,11,RS,RS,0.0262801829823439,0,0,0,Calculada,Real / Calculada
2013,12,RS,RS,0.0,0,0,0,Calculada,Real / Calculada
2014,1,RS,RS,917.1557841798931,0,0,0,Calculada,Real / Calculada
2014,2,RS,RS,3643.2205872516206,0,0,0,Calculada,Real / Calculada
2014,3,RS,RS,1130.7856876086998,0,0,0,Calculada,Real / Calculada
2014,4,RS,RS,23.7042313986245,0,0,0,Calculada,Real / Calculada
2014,5,RS,RS,0.0,0,0,0,Calculada,Real / Calculada
2014,6,RS,RS,1.1184861462498301,0,0,0,Calculada,Real / Calculada
2014,7,RS,RS,0.0,0,0,0,Calculada,Real / Calculada
2014,8,RS,RS,0.374896371977708,0,0,0,Calculada,Real / Calculada
2014,9,RS,RS,0.14761063198841198,0,0,0,Calculada,Real / Calculada
2014,10,RS,RS,0.25724278197565104,0,0,0,Calculada,Real / Calculada
2014,11,RS,RS,0.20827362897916898,0,0,0,Calculada,Real / Calculada
2014,12,RS,RS,0.0,0,0,0,Calculada,Real / Calculada
2015,1,RS,RS,306.037214400325,0,0,0,Calculada,Real / Calculada
2015,2,RS,RS,4569.342107530129,0,0,0,Calculada,Real / Calculada
2015,3,RS,RS,1271.07358453706,0,0,0,Calculada,Real / Calculada
2015,4,RS,RS,3.98774981231067,0,0,0,Calculada,Real / Calculada
2015,5,RS,RS,17.635229226657,0,0,0,Calculada,Real / Calculada
2015,6,RS,RS,3.5981720710462404,0,0,0,Calculada,Real / Calculada
2015,7,RS,RS,0.0,0,0,0,Calculada,Real / Calculada
2015,8,RS,RS,0.6436723760537719,0,0,0,Calculada,Real / Calculada
2015,9,RS,RS,0.10799442725362901,0,0,0,Calculada,Real / Calculada
2015,10,RS,RS,0.327072913582979,0,0,0,Calculada,Real / Calculada
2015,11,RS,RS,0.207202705577282,0,0,0,Calculada,Real / Calculada
2015,12,RS,RS,0.0,0,0,0,Calculada,Real / Calculada
2016,1,RS,RS,671.51679266893,0,0,0,Calculada,Real / Calculada
2016,2,RS,RS,3006.85875831141,0,0,0,Calculada,Real / Calculada
2016,3,RS,RS,1650.93344060836,0,0,0,Calculada,Real / Calculada
2016,4,RS,RS,447.590604773131,0,0,0,Calculada,Real / Calculada
2016,5,RS,RS,110.609970204568,0,0,0,Calculada,Real / Calculada
2016,6,RS,RS,1.55156985734999,0,0,0,Calculada,Real / Calculada
2016,7,RS,RS,2.58721461015475,0,0,0,Calculada,Real / Calculada
2016,8,RS,RS,0.0556002744912678,0,0,0,Calculada,Real / Calculada
2016,9,RS,RS,0.426077481834173,0,0,0,Calculada,Real / Calculada
2016,10,RS,RS,0.237691725220584,0,0,0,Calculada,Real / Calculada
2016,11,RS,RS,0.312279484549933,0,0,0,Calculada,Real / Calculada
2016,12,RS,RS,0.0,0,0,0,Calculada,Real / Calculada
2017,1,RS,RS,733.519774346581,0,0,0,Calculada,Real / Calculada
2017,2,RS,RS,3092.67835531546,0,0,0,Calculada,Real / Calculada
2017,3,RS,RS,1888.3308822264498,0,0,0,Calculada,Real / Calculada
2017,4,RS,RS,127.960284501828,0,0,0,Calculada,Real / Calculada
2017,5,RS,RS,168.090759558932,0,0,0,Calculada,Real / Calculada
2017,6,RS,RS,23.1424966792983,0,0,0,Calculada,Real / Calculada
2017,7,RS,RS,1.71810220310837,0,0,0,Calculada,Real / Calculada
2017,8,RS,RS,0.0484910035224875,0,0,0,Calculada,Real / Calculada
2017,9,RS,RS,0.50653357501811,0,0,0,Calculada,Real / Calculada
2017,10,RS,RS,0.286614050045331,0,0,0,Calculada,Real / Calculada
2017,11,RS,RS,0.35990407982735,0,0,0,Calculada,Real / Calculada
2017,12,RS,RS,0.107802459923377,0,0,0,Calculada,Real / Calculada
2018,1,RS,RS,624.384027689684,0,0,0,Calculada,Real / Calculada
2018,2,RS,RS,2441.00295145224,0,0,0,Calculada,Real / Calculada
2018,3,RS,RS,1229.52160400388,0,0,0,Calculada,Real / Calculada
2018,4,RS,RS,266.81196188995,0,0,0,Calculada,Real / Calculada
2018,5,RS,RS,252.404887094479,0,0,0,Calculada,Real / Calculada
2018,6,RS,RS,11.8189393367586,0,0,0,Calculada,Real / Calculada
2018,7,RS,RS,0.0,0,0,0,Calculada,Real / Calculada
2018,8,RS,RS,1.0550097040914799,0,0,0,Calculada,Real / Calculada
2018,9,RS,RS,0.0502500100180909,0,0,0,Calculada,Real / Calculada
2018,10,RS,RS,0.4017479422398689,0,0,0,Calculada,Real / Calculada
2018,11,RS,RS,0.225543758209793,0,0,0,Calculada,Real / Calculada
2018,12,RS,RS,0.158277118449943,0,0,0,Calculada,Real / Calculada
2019,1,RS,RS,993.791310735517,0,0,0,Calculada,Real / Calculada
2019,2,RS,RS,2816.243857067,0,0,0,Calculada,Real / Calculada
2019,3,RS,RS,1178.6279484950999,0,0,0,Calculada,Real / Calculada
2019,4,RS,RS,329.055586873437,0,0,0,Calculada,Real / Calculada
2012,1,SC,SC,6.61640994515201e-06,0,0,0,Calculada,Real / Calculada
2012,2,SC,SC,783.8704273888479,0,0,0,Calculada,Real / Calculada
2012,3,SC,SC,1547.29129365249,0,0,0,Calculada,Real / Calculada
2012,4,SC,SC,540.826244935298,0,0,0,Calculada,Real / Calculada
2012,5,SC,SC,75.0312165849106,0,0,0,Calculada,Real / Calculada
2012,6,SC,SC,3.96991118254848e-05,0,0,0,Calculada,Real / Calculada
2012,7,SC,SC,4.631578263447821e-05,0,0,0,Calculada,Real / Calculada
2012,8,SC,SC,5.29324969216354e-05,0,0,0,Calculada,Real / Calculada
2012,9,SC,SC,9.922603349123171e-05,0,0,0,Calculada,Real / Calculada
2012,10,SC,SC,0.000103422589710441,0,0,0,Calculada,Real / Calculada
2012,11,SC,SC,8.982623821716709e-05,0,0,0,Calculada,Real / Calculada
2012,12,SC,SC,7.93997888590583e-05,0,0,0,Calculada,Real / Calculada
2013,1,SC,SC,2.18805154879967,0,0,0,Calculada,Real / Calculada
2013,2,SC,SC,1028.20852491099,0,0,0,Calculada,Real / Calculada
2013,3,SC,SC,1840.6523302948801,0,0,0,Calculada,Real / Calculada
2013,4,SC,SC,449.935197566623,0,0,0,Calculada,Real / Calculada
2013,5,SC,SC,37.9339210607278,0,0,0,Calculada,Real / Calculada
2013,6,SC,SC,0.0726227472721727,0,0,0,Calculada,Real / Calculada
2013,7,SC,SC,0.0726227518048717,0,0,0,Calculada,Real / Calculada
2013,8,SC,SC,0.0726227563375707,0,0,0,Calculada,Real / Calculada
2013,9,SC,SC,0.07195118309882499,0,0,0,Calculada,Real / Calculada
2013,10,SC,SC,0.072613941883124,0,0,0,Calculada,Real / Calculada
2013,11,SC,SC,0.0769184631173145,0,0,0,Calculada,Real / Calculada
2013,12,SC,SC,0.07262277446836701,0,0,0,Calculada,Real / Calculada
2014,1,SC,SC,21.7144160729745,0,0,0,Calculada,Real / Calculada
2014,2,SC,SC,1291.88893172143,0,0,0,Calculada,Real / Calculada
2014,3,SC,SC,1900.1037396647698,0,0,0,Calculada,Real / Calculada
2014,4,SC,SC,263.602322545418,0,0,0,Calculada,Real / Calculada
2014,5,SC,SC,6.82237751851144,0,0,0,Calculada,Real / Calculada
2014,6,SC,SC,0.12063588524495,0,0,0,Calculada,Real / Calculada
2014,7,SC,SC,0.12063588772303,0,0,0,Calculada,Real / Calculada
2014,8,SC,SC,0.12063589020110901,0,0,0,Calculada,Real / Calculada
2014,9,SC,SC,0.11646128001311999,0,0,0,Calculada,Real / Calculada
2014,10,SC,SC,0.12097826102842098,0,0,0,Calculada,Real / Calculada
2014,11,SC,SC,0.129729372570396,0,0,0,Calculada,Real / Calculada
2014,12,SC,SC,0.12063590011342801,0,0,0,Calculada,Real / Calculada
2015,1,SC,SC,32.851038362498805,0,0,0,Calculada,Real / Calculada
2015,2,SC,SC,1219.1946286988,0,0,0,Calculada,Real / Calculada
2015,3,SC,SC,1636.0989436921302,0,0,0,Calculada,Real / Calculada
2015,4,SC,SC,296.74548540641,0,0,0,Calculada,Real / Calculada
2015,5,SC,SC,3.25837500626777,0,0,0,Calculada,Real / Calculada
2015,6,SC,SC,0.13970500065678101,0,0,0,Calculada,Real / Calculada
2015,7,SC,SC,0.139705002046181,0,0,0,Calculada,Real / Calculada
2015,8,SC,SC,0.13970500343557998,0,0,0,Calculada,Real / Calculada
2015,9,SC,SC,0.138915582701267,0,0,0,Calculada,Real / Calculada
2015,10,SC,SC,0.137560058590998,0,0,0,Calculada,Real / Calculada
2015,11,SC,SC,0.14123317747803102,0,0,0,Calculada,Real / Calculada
2015,12,SC,SC,0.139705008993178,0,0,0,Calculada,Real / Calculada
2016,1,SC,SC,53.1599733965542,0,0,0,Calculada,Real / Calculada
2016,2,SC,SC,989.3259929952479,0,0,0,Calculada,Real / Calculada
2016,3,SC,SC,1327.96130273937,0,0,0,Calculada,Real / Calculada
2016,4,SC,SC,331.956862464766,0,0,0,Calculada,Real / Calculada
2016,5,SC,SC,8.68138719828711,0,0,0,Calculada,Real / Calculada
2016,6,SC,SC,0.14592358945612197,0,0,0,Calculada,Real / Calculada
2016,7,SC,SC,0.14592359028337198,0,0,0,Calculada,Real / Calculada
2016,8,SC,SC,0.14592359111062198,0,0,0,Calculada,Real / Calculada
2016,9,SC,SC,0.14605994684779,0,0,0,Calculada,Real / Calculada
2016,10,SC,SC,0.145883901446058,0,0,0,Calculada,Real / Calculada
2016,11,SC,SC,0.13884299221576502,0,0,0,Calculada,Real / Calculada
2016,12,SC,SC,0.14592359441962302,0,0,0,Calculada,Real / Calculada
2017,1,SC,SC,92.0741286562236,0,0,0,Calculada,Real / Calculada
2017,2,SC,SC,1225.48710250586,0,0,0,Calculada,Real / Calculada
2017,3,SC,SC,1530.94096094674,0,0,0,Calculada,Real / Calculada
2017,4,SC,SC,399.331571249537,0,0,0,Calculada,Real / Calculada
2017,5,SC,SC,13.9817726831337,0,0,0,Calculada,Real / Calculada
2017,6,SC,SC,0.20621250889228304,0,0,0,Calculada,Real / Calculada
2017,7,SC,SC,0.20621250961925897,0,0,0,Calculada,Real / Calculada
2017,8,SC,SC,0.221072799411233,0,0,0,Calculada,Real / Calculada
2017,9,SC,SC,0.20715755836865302,0,0,0,Calculada,Real / Calculada
2017,10,SC,SC,0.199680405458037,0,0,0,Calculada,Real / Calculada
2017,11,SC,SC,0.18351566350215598,0,0,0,Calculada,Real / Calculada
2017,12,SC,SC,0.20621251325413503,0,0,0,Calculada,Real / Calculada
2018,1,SC,SC,83.3819543958836,0,0,0,Calculada,Real / Calculada
2018,2,SC,SC,943.039982867101,0,0,0,Calculada,Real / Calculada
2018,3,SC,SC,1121.50144012609,0,0,0,Calculada,Real / Calculada
2018,4,SC,SC,388.55763381510695,0,0,0,Calculada,Real / Calculada
2018,5,SC,SC,13.3374892371715,0,0,0,Calculada,Real / Calculada
2018,6,SC,SC,0.17265356936807,0,0,0,Calculada,Real / Calculada
2018,7,SC,SC,0.179444918510102,0,0,0,Calculada,Real / Calculada
2018,8,SC,SC,0.17867904903671106,0,0,0,Calculada,Real / Calculada
2018,9,SC,SC,0.169257113433435,0,0,0,Calculada,Real / Calculada
2018,10,SC,SC,0.17445123013504402,0,0,0,Calculada,Real / Calculada
2018,11,SC,SC,0.177360106406043,0,0,0,Calculada,Real / Calculada
2018,12,SC,SC,0.172653571759459,0,0,0,Calculada,Real / Calculada
2019,1,SC,SC,126.568349848265,0,0,0,Calculada,Real / Calculada
2019,2,SC,SC,928.9034163509731,0,0,0,Calculada,Real / Calculada
2019,3,SC,SC,1237.59779477544,0,0,0,Calculada,Real / Calculada
2019,4,SC,SC,518.990449031732,0,0,0,Calculada,Real / Calculada
2012,1,SP,SP,0.0,0,0,0,Calculada,Real / Calculada
2012,2,SP,SP,708.1687522292391,0,0,0,Calculada,Real / Calculada
2012,3,SP,SP,2188.24514869387,0,0,0,Calculada,Real / Calculada
2012,4,SP,SP,466.952233842197,0,0,0,Calculada,Real / Calculada
2012,5,SP,SP,33.721310514314105,0,0,0,Calculada,Real / Calculada
2012,6,SP,SP,0.0,0,0,0,Calculada,Real / Calculada
2012,7,SP,SP,0.0,0,0,0,Calculada,Real / Calculada
2012,8,SP,SP,0.0,0,0,0,Calculada,Real / Calculada
2012,9,SP,SP,0.000398990464574722,0,0,0,Calculada,Real / Calculada
2012,10,SP,SP,0.0004886942335799161,0,0,0,Calculada,Real / Calculada
2012,11,SP,SP,0.000242867856936168,0,0,0,Calculada,Real / Calculada
2012,12,SP,SP,0.00142416782217229,0,0,0,Calculada,Real / Calculada
2013,1,SP,SP,26.574814269217402,0,0,0,Calculada,Real / Calculada
2013,2,SP,SP,1739.34792565919,0,0,0,Calculada,Real / Calculada
2013,3,SP,SP,1909.4659804195899,0,0,0,Calculada,Real / Calculada
2013,4,SP,SP,45.3068629394851,0,0,0,Calculada,Real / Calculada
2013,5,SP,SP,7.59361841533841,0,0,0,Calculada,Real / Calculada
2013,6,SP,SP,0.0,0,0,0,Calculada,Real / Calculada
2013,7,SP,SP,0.0,0,0,0,Calculada,Real / Calculada
2013,8,SP,SP,0.0,0,0,0,Calculada,Real / Calculada
2013,9,SP,SP,0.0318850771691686,0,0,0,Calculada,Real / Calculada
2013,10,SP,SP,0.0,0,0,0,Calculada,Real / Calculada
2013,11,SP,SP,0.00821936409124378,0,0,0,Calculada,Real / Calculada
2013,12,SP,SP,0.0706938559177292,0,0,0,Calculada,Real / Calculada
2014,1,SP,SP,33.1574946371413,0,0,0,Calculada,Real / Calculada
2014,2,SP,SP,895.6256503182159,0,0,0,Calculada,Real / Calculada
2014,3,SP,SP,1293.98690205182,0,0,0,Calculada,Real / Calculada
2014,4,SP,SP,22.567156406979,0,0,0,Calculada,Real / Calculada
2014,5,SP,SP,2.2607965858482997,0,0,0,Calculada,Real / Calculada
2014,6,SP,SP,0.0,0,0,0,Calculada,Real / Calculada
2014,7,SP,SP,0.0,0,0,0,Calculada,Real / Calculada
2014,8,SP,SP,0.0,0,0,0,Calculada,Real / Calculada
2014,9,SP,SP,0.0,0,0,0,Calculada,Real / Calculada
2014,10,SP,SP,0.0,0,0,0,Calculada,Real / Calculada
2014,11,SP,SP,0.0,0,0,0,Calculada,Real / Calculada
2014,12,SP,SP,0.0,0,0,0,Calculada,Real / Calculada
2015,1,SP,SP,15.8373503719191,0,0,0,Calculada,Real / Calculada
2015,2,SP,SP,953.1535287185769,0,0,0,Calculada,Real / Calculada
2015,3,SP,SP,1297.35179297329,0,0,0,Calculada,Real / Calculada
2015,4,SP,SP,40.7934100569428,0,0,0,Calculada,Real / Calculada
2015,5,SP,SP,4.579045046072951,0,0,0,Calculada,Real / Calculada
2015,6,SP,SP,0.0318872237143363,0,0,0,Calculada,Real / Calculada
2015,7,SP,SP,0.0436382847762018,0,0,0,Calculada,Real / Calculada
2015,8,SP,SP,0.0541486779236043,0,0,0,Calculada,Real / Calculada
2015,9,SP,SP,0.0,0,0,0,Calculada,Real / Calculada
2015,10,SP,SP,0.0620266472109048,0,0,0,Calculada,Real / Calculada
2015,11,SP,SP,0.114571999571737,0,0,0,Calculada,Real / Calculada
2015,12,SP,SP,0.0,0,0,0,Calculada,Real / Calculada
2016,1,SP,SP,195.882421012993,0,0,0,Calculada,Real / Calculada
2016,2,SP,SP,880.871671749003,0,0,0,Calculada,Real / Calculada
2016,3,SP,SP,1285.38314121386,0,0,0,Calculada,Real / Calculada
2016,4,SP,SP,4.02135889262275,0,0,0,Calculada,Real / Calculada
2016,5,SP,SP,0.113784168479438,0,0,0,Calculada,Real / Calculada
2016,6,SP,SP,0.120875441848979,0,0,0,Calculada,Real / Calculada
2016,7,SP,SP,0.111544401737617,0,0,0,Calculada,Real / Calculada
2016,8,SP,SP,0.115060254786689,0,0,0,Calculada,Real / Calculada
2016,9,SP,SP,0.135639338661042,0,0,0,Calculada,Real / Calculada
2016,10,SP,SP,0.0,0,0,0,Calculada,Real / Calculada
2016,11,SP,SP,0.0,0,0,0,Calculada,Real / Calculada
2016,12,SP,SP,0.22050352600881604,0,0,0,Calculada,Real / Calculada
2017,1,SP,SP,129.27352600870398,0,0,0,Calculada,Real / Calculada
2017,2,SP,SP,386.96127820069097,0,0,0,Calculada,Real / Calculada
2017,3,SP,SP,1659.76464521517,0,0,0,Calculada,Real / Calculada
2017,4,SP,SP,170.925599032528,0,0,0,Calculada,Real / Calculada
2017,5,SP,SP,0.142012898171577,0,0,0,Calculada,Real / Calculada
2017,6,SP,SP,0.122694201705021,0,0,0,Calculada,Real / Calculada
2017,7,SP,SP,0.12322067802462701,0,0,0,Calculada,Real / Calculada
2017,8,SP,SP,0.984578804304865,0,0,0,Calculada,Real / Calculada
2017,9,SP,SP,0.228918057174499,0,0,0,Calculada,Real / Calculada
2017,10,SP,SP,0.0149663022601144,0,0,0,Calculada,Real / Calculada
2017,11,SP,SP,2.01515906166121,0,0,0,Calculada,Real / Calculada
2017,12,SP,SP,0.697901539609603,0,0,0,Calculada,Real / Calculada
2018,1,SP,SP,204.706177743036,0,0,0,Calculada,Real / Calculada
2018,2,SP,SP,633.940044753013,0,0,0,Calculada,Real / Calculada
2018,3,SP,SP,1163.29949785153,0,0,0,Calculada,Real / Calculada
2018,4,SP,SP,261.093436870457,0,0,0,Calculada,Real / Calculada
2018,5,SP,SP,0.34039984391627603,0,0,0,Calculada,Real / Calculada
2018,6,SP,SP,0.0527542200826407,0,0,0,Calculada,Real / Calculada
2018,7,SP,SP,0.038523311303432,0,0,0,Calculada,Real / Calculada
2018,8,SP,SP,0.7578483321729329,0,0,0,Calculada,Real / Calculada
2018,9,SP,SP,0.100713519942703,0,0,0,Calculada,Real / Calculada
2018,10,SP,SP,0.0,0,0,0,Calculada,Real / Calculada
2018,11,SP,SP,1.9643315925857199,0,0,0,Calculada,Real / Calculada
2018,12,SP,SP,0.7054719619586051,0,0,0,Calculada,Real / Calculada
2019,1,SP,SP,148.92603506434298,0,0,0,Calculada,Real / Calculada
2019,2,SP,SP,587.7040584541751,0,0,0,Calculada,Real / Calculada
2019,3,SP,SP,1162.9277043556199,0,0,0,Calculada,Real / Calculada
2019,4,SP,SP,41.0887756117212,0,0,0,Calculada,Real / Calculada
